urn,status,checkresult,bpn,check
urn:uuid:014107a4-931a-4b79-9123-11247e347278,TESTED,"[{'id': 'check1', 'name': 'globalAssetId != aasId validation', 'result': 'FAILED'}, {'id': 'check2', 'name': 'Check if correct SemanticID exists', 'result': 'PASSED', 'info': []}, {'id': 'check3', 'name': 'Check if manufacturerId exists in specificAssetIds', 'result': 'FAILED'}, {'id': 'check4', 'name': 'Check if aasID has valid urn uuid format', 'result': 'PASSED'}]",BPNL00000003B0Q0,FAILED
urn:uuid:970d96db-1c7d-41b8-b18c-3b63fb2d52be,NEW,[],BPNL00000003B0Q0,
urn:uuid:a4761e0f-8960-4890-bdd2-441e0925cf9d,NEW,[],BPNL00000003B0Q0,
urn:uuid:c10219f2-534e-4b43-9e4a-472c20be5ec0,NEW,[],BPNL00000003B0Q0,
urn:uuid:a577edcd-6c40-4af3-be86-6bc1731149d5,NEW,[],BPNL00000003B0Q0,
urn:uuid:2649f94c-e026-405a-87db-1f29d87f7624,NEW,[],BPNL00000003B0Q0,
urn:uuid:3d60633e-e366-48b0-b3e7-7037277213d6,NEW,[],BPNL00000003B0Q0,
urn:uuid:5ad6c0e5-e90d-44a0-ac8f-c175a4d195d1,NEW,[],BPNL00000003B0Q0,
urn:uuid:9da381ab-e44b-4228-8b54-c01c8d8e103b,NEW,[],BPNL00000003B0Q0,
urn:uuid:0fec8e16-483a-4f33-9880-682d0050abed,NEW,[],BPNL00000003B0Q0,
urn:uuid:a033300b-306d-4be3-b705-f277e3c27f84,NEW,[],BPNL00000003B0Q0,
urn:uuid:efee3be0-ec52-4b5c-b8a5-f03e9c5b8839,NEW,[],BPNL00000003B0Q0,
urn:uuid:5caf2dde-cb4a-4a27-8729-c8638f874a0f,NEW,[],BPNL00000003B0Q0,
urn:uuid:4a21e616-ef88-4624-945e-6043d2e11129,NEW,[],BPNL00000003B0Q0,
urn:uuid:788c3e49-d9a9-4f52-be31-f74e2d761976,NEW,[],BPNL00000003B0Q0,
urn:uuid:ae0e5da2-bfb5-4c6c-981a-d85b932b4d5f,NEW,[],BPNL00000003B0Q0,
urn:uuid:72702616-09c5-4f11-a246-2dece1b1f1f6,NEW,[],BPNL00000003B0Q0,
urn:uuid:865cc7a7-33db-486e-9b63-6b37ea9f3359,NEW,[],BPNL00000003B0Q0,
urn:uuid:de438b95-18e5-427d-b44a-048a63a353dd,NEW,[],BPNL00000003B0Q0,
urn:uuid:8a2df587-1df2-4994-97fa-166f62bdc4c3,NEW,[],BPNL00000003B0Q0,
urn:uuid:f825bb6f-fc2d-4ad1-9472-4f5559efb016,NEW,[],BPNL00000003B0Q0,
urn:uuid:5e397818-772e-49c8-b939-1aefd85f0358,NEW,[],BPNL00000003B0Q0,
urn:uuid:1404b29e-5088-4324-9c53-279abc75a4a2,NEW,[],BPNL00000003B0Q0,
urn:uuid:c8119d1c-4764-48b3-9799-7ff0413bdb94,NEW,[],BPNL00000003B0Q0,
urn:uuid:61d80dc0-41d5-459a-99fc-c4e59187d4bb,NEW,[],BPNL00000003B0Q0,
urn:uuid:02bf13e8-ff5f-4dfa-915d-5565d516fd49,NEW,[],BPNL00000003B0Q0,
urn:uuid:bd269318-a936-4a3b-bffa-1911a56ea20a,NEW,[],BPNL00000003B0Q0,
urn:uuid:305e5e34-f3f4-42b8-b51f-a4daca06c464,NEW,[],BPNL00000003B0Q0,
urn:uuid:30f8f63a-6792-4f1f-9304-0d1e8dcb4a5e,NEW,[],BPNL00000003B0Q0,
urn:uuid:b3871170-ff76-4092-94f5-6dfc671d196c,NEW,[],BPNL00000003B0Q0,
urn:uuid:4bd84b76-215e-44b1-a3e9-0875458bc02b,NEW,[],BPNL00000003B0Q0,
urn:uuid:e1f74f50-823b-4ff6-a50a-8bf2f0d747a2,NEW,[],BPNL00000003B0Q0,
urn:uuid:663bf627-3c38-4b12-8539-aa8f915a2c5d,NEW,[],BPNL00000003B0Q0,
urn:uuid:2b489f64-03c7-496d-957f-d13fc39398e8,NEW,[],BPNL00000003B0Q0,
urn:uuid:802ae80a-6e5d-40a8-b230-28d979e6e7a0,NEW,[],BPNL00000003B0Q0,
urn:uuid:96c65cf3-e582-4427-830c-7e2f42ef17b8,NEW,[],BPNL00000003B0Q0,
urn:uuid:ef006210-fafc-4973-9c3e-6599fae225f2,NEW,[],BPNL00000003B0Q0,
urn:uuid:98f4e10b-99f9-409e-bc5b-063261ec6bda,NEW,[],BPNL00000003B0Q0,
urn:uuid:9235eb2d-3265-4308-9de0-ac7cf1f208e3,NEW,[],BPNL00000003B0Q0,
urn:uuid:b06c957b-2e0b-47e6-8050-5d19e1805ea1,NEW,[],BPNL00000003B0Q0,
urn:uuid:b7c54b8e-43ae-41ca-8e3c-f3ecef94fc3c,NEW,[],BPNL00000003B0Q0,
urn:uuid:95dbeb76-cd85-4759-9bc2-d98f8361f695,NEW,[],BPNL00000003B0Q0,
urn:uuid:3ba1a136-e32f-4cea-92d5-7e528ffd434a,NEW,[],BPNL00000003B0Q0,
urn:uuid:4aa51555-619e-41ef-99e8-2ff246a2e82a,NEW,[],BPNL00000003B0Q0,
urn:uuid:ece4ecc2-5daf-4b78-b107-8f9299d80a83,NEW,[],BPNL00000003B0Q0,
urn:uuid:fddf80f4-158d-41fe-8f41-2a63ed4faa28,NEW,[],BPNL00000003B0Q0,
urn:uuid:e6d59f33-4097-4977-9004-11af9687671c,NEW,[],BPNL00000003B0Q0,
urn:uuid:4de2a8ba-3510-4804-b7c1-fcb768ef6798,NEW,[],BPNL00000003B0Q0,
urn:uuid:d54d37f5-8b8b-4847-a343-b9af3f4aad04,NEW,[],BPNL00000003B0Q0,
urn:uuid:f1c2ef6d-cf3a-4f29-9c8e-3a6f8c084f07,NEW,[],BPNL00000003B0Q0,
urn:uuid:6d9381f6-2ff9-421b-b7f2-f4e955afae1b,NEW,[],BPNL00000003B0Q0,
urn:uuid:cd0b21b0-61df-4757-a670-7f74ff7981e3,NEW,[],BPNL00000003B0Q0,
urn:uuid:3ae73ad5-722e-4551-affc-732eacd529d0,NEW,[],BPNL00000003B0Q0,
urn:uuid:9a03dced-92e3-476b-9eb2-48efba39fa61,NEW,[],BPNL00000003B0Q0,
urn:uuid:b6a8b978-1fb4-4fc9-bd99-f2ced8d3c4d6,NEW,[],BPNL00000003B0Q0,
urn:uuid:07a5564b-bc9a-495d-abb9-cc3581a13caa,NEW,[],BPNL00000003B0Q0,
urn:uuid:d7703f8a-61c6-48bd-9ba3-2aa3f746af93,NEW,[],BPNL00000003B0Q0,
urn:uuid:585a0779-2232-4479-a4e5-69cae18c417f,NEW,[],BPNL00000003B0Q0,
urn:uuid:4b26b2bb-1840-402e-a0f5-f4b1890e6058,NEW,[],BPNL00000003B0Q0,
urn:uuid:0ba48076-c86a-43a6-94bd-92902c1024f4,NEW,[],BPNL00000003B0Q0,
urn:uuid:6c9c053a-6bae-447f-b0f4-7bcd8b00c7f4,NEW,[],BPNL00000003B0Q0,
urn:uuid:f5238121-44f1-4070-ac85-5d33e18a5b1e,NEW,[],BPNL00000003B0Q0,
urn:uuid:7880407d-f709-4cc5-a4fa-aa42982d8e27,NEW,[],BPNL00000003B0Q0,
urn:uuid:0cc248e8-2927-4a14-b03d-6b5322ea388a,NEW,[],BPNL00000003B0Q0,
urn:uuid:d98954a8-941a-4d21-978b-828ff94dd1a4,NEW,[],BPNL00000003B0Q0,
urn:uuid:7c36063f-857b-4e76-8fe8-1e6360ef4f09,NEW,[],BPNL00000003B0Q0,
urn:uuid:f0ef8080-492c-430c-9a07-f9e577625228,NEW,[],BPNL00000003B0Q0,
urn:uuid:bfefb74d-4e69-49f6-959b-141d4bd800ae,NEW,[],BPNL00000003B0Q0,
urn:uuid:b4c7879e-e7d5-4491-bdf3-df0d02f774a3,NEW,[],BPNL00000003B0Q0,
urn:uuid:e78aaa20-26a8-496d-ae98-f8874797f5b3,NEW,[],BPNL00000003B0Q0,
urn:uuid:37e3e4d4-1e03-4720-8503-a1a1352f26aa,NEW,[],BPNL00000003B0Q0,
urn:uuid:6992024b-e719-4a47-83f6-35767a9cde1c,NEW,[],BPNL00000003B0Q0,
urn:uuid:808712c6-bcef-4e3c-9c1c-2c3e1fa01f20,NEW,[],BPNL00000003B0Q0,
urn:uuid:890e9ff9-7d19-42a6-8ada-e89fa8cdb646,NEW,[],BPNL00000003B0Q0,
urn:uuid:17ffaecc-3cc5-4843-b5e0-a6daf4ba5bb7,NEW,[],BPNL00000003B0Q0,
urn:uuid:92dbb697-411d-41d1-9654-cfc8f18623f2,NEW,[],BPNL00000003B0Q0,
urn:uuid:609d71d6-f67c-4889-8b5f-3d50fb66b81a,NEW,[],BPNL00000003B0Q0,
urn:uuid:ac80334c-e471-4905-8cfb-c706c1e880b4,NEW,[],BPNL00000003B0Q0,
urn:uuid:bd641a00-8579-4d7d-8d19-7356a8c9d502,NEW,[],BPNL00000003B0Q0,
urn:uuid:8e56f63c-1bd3-4a53-908c-9eb11edfc4dd,NEW,[],BPNL00000003B0Q0,
urn:uuid:3779bdfd-620b-4f14-8cca-f491e8cd04ec,NEW,[],BPNL00000003B0Q0,
urn:uuid:83e9f82b-72e9-4d56-9e69-6f501404845d,NEW,[],BPNL00000003B0Q0,
urn:uuid:38364b8e-caef-41a5-974f-7490d506fc65,NEW,[],BPNL00000003B0Q0,
urn:uuid:cf1a2eb0-1bea-4702-b72d-c325077fdb7d,NEW,[],BPNL00000003B0Q0,
urn:uuid:a7b2e119-7878-471a-b7b8-7363be7bf7a5,NEW,[],BPNL00000003B0Q0,
urn:uuid:590ed78b-4361-457b-a8be-0e007c4c29fc,NEW,[],BPNL00000003B0Q0,
urn:uuid:8b225820-3f3d-4104-a8d4-692423875bd2,NEW,[],BPNL00000003B0Q0,
urn:uuid:43684212-e526-4c11-bc18-dab426d82113,NEW,[],BPNL00000003B0Q0,
urn:uuid:ba3c1803-937c-46cb-8ce7-1b04bc825a29,NEW,[],BPNL00000003B0Q0,
urn:uuid:90b43910-9133-454a-bc67-320242c2270a,NEW,[],BPNL00000003B0Q0,
urn:uuid:f63b6900-a455-48a5-b201-7b6d599b02e9,NEW,[],BPNL00000003B0Q0,
urn:uuid:d7d23e74-94f4-4287-ab14-0627c96cc8fe,NEW,[],BPNL00000003B0Q0,
urn:uuid:194d1437-3ec7-4367-848f-ec3ca3d7d79f,NEW,[],BPNL00000003B0Q0,
urn:uuid:96625234-816d-4248-a0db-ee0a2e4fe416,NEW,[],BPNL00000003B0Q0,
urn:uuid:e72765a0-27e5-4e93-9cb4-fe8ffd5e7829,NEW,[],BPNL00000003B0Q0,
urn:uuid:795d00c8-3b86-4440-bb60-35062de8848e,NEW,[],BPNL00000003B0Q0,
urn:uuid:4610b78b-518c-4bab-85ad-fbfb58e0e26e,NEW,[],BPNL00000003B0Q0,
urn:uuid:fbaf280f-3c4d-4829-b572-c663c25729cc,NEW,[],BPNL00000003B0Q0,
urn:uuid:9c71a022-0a2d-4ad2-b3cd-29ef8b0f65a2,NEW,[],BPNL00000003B0Q0,
urn:uuid:c80ce1ce-ff7e-4539-831c-f12f1d1750b3,NEW,[],BPNL00000003B0Q0,
urn:uuid:cc2f1302-29a4-4a94-8f19-453be814f7cb,NEW,[],BPNL00000003B0Q0,
urn:uuid:7e485b95-fdf7-4692-b6f2-5e5c25a2bdad,NEW,[],BPNL00000003B0Q0,
urn:uuid:aaa4a3c0-f268-44df-8a36-08d28ceb18bc,NEW,[],BPNL00000003B0Q0,
urn:uuid:0a50105e-ae2b-4b52-a960-3839fd240349,NEW,[],BPNL00000003B0Q0,
urn:uuid:9dd3fd8f-a790-4369-86a7-582a33e39f18,NEW,[],BPNL00000003B0Q0,
urn:uuid:4af47894-8bfd-4052-88bf-5b11472cf7e8,NEW,[],BPNL00000003B0Q0,
urn:uuid:f501d47c-bf16-41d2-aeb9-371e1cd12487,NEW,[],BPNL00000003B0Q0,
urn:uuid:03109d38-bd1d-42b2-95ed-0eef712a6299,NEW,[],BPNL00000003B0Q0,
urn:uuid:bc1aa183-8672-4bf3-afaa-0a040b54c19e,NEW,[],BPNL00000003B0Q0,
urn:uuid:04c8c999-92b8-4255-b472-ef2d7fbf7d6f,NEW,[],BPNL00000003B0Q0,
urn:uuid:d9a0c02e-02db-46ea-9624-c321cb8fb481,NEW,[],BPNL00000003B0Q0,
urn:uuid:869d00f8-38e8-4723-8c9d-3a6d247f0869,NEW,[],BPNL00000003B0Q0,
urn:uuid:e93c3338-cee7-4a30-8f5d-37b6c224a0e2,NEW,[],BPNL00000003B0Q0,
urn:uuid:1e309faf-1df6-4fcf-82f2-242688fea2d0,NEW,[],BPNL00000003B0Q0,
urn:uuid:cc34cc95-d821-4244-812e-4d2bcc895a94,NEW,[],BPNL00000003B0Q0,
urn:uuid:d9db645b-4358-4ea8-879e-1add7d84f0e4,NEW,[],BPNL00000003B0Q0,
urn:uuid:2ccd4c6f-2652-4689-980c-a543d2b87a03,NEW,[],BPNL00000003B0Q0,
urn:uuid:de10a15b-af99-4e82-80da-cfd38d27170b,NEW,[],BPNL00000003B0Q0,
urn:uuid:451630f9-c4fe-4a61-847b-2b4dc540ef40,NEW,[],BPNL00000003B0Q0,
urn:uuid:de43c1c0-1ffb-4b9a-b28d-37d21ba0d301,NEW,[],BPNL00000003B0Q0,
urn:uuid:e958aa66-2f2e-4a96-a674-20cc18473e3d,NEW,[],BPNL00000003B0Q0,
urn:uuid:4dc40d5c-86d9-4f26-bb22-6f6a5c462b1c,NEW,[],BPNL00000003B0Q0,
urn:uuid:a029e0c3-df88-4279-8c8a-d35aa8a215a3,NEW,[],BPNL00000003B0Q0,
urn:uuid:681b8b6f-be1b-4438-a9e0-d7b661909340,NEW,[],BPNL00000003B0Q0,
urn:uuid:e6687e34-2c20-4eb5-9ddb-2fce1b258da2,NEW,[],BPNL00000003B0Q0,
urn:uuid:75524c4f-4457-41fd-9e77-ed36f921d271,NEW,[],BPNL00000003B0Q0,
urn:uuid:237a38e4-cdee-43a8-aaae-dab02bcdf283,NEW,[],BPNL00000003B0Q0,
urn:uuid:fc394e7e-b083-402a-9070-8b5ee8e5d6e6,NEW,[],BPNL00000003B0Q0,
urn:uuid:735f8db6-9088-4220-9089-f8fa7b458ad4,NEW,[],BPNL00000003B0Q0,
urn:uuid:23580ebd-95ea-40c9-8d1f-fd16d7b92797,NEW,[],BPNL00000003B0Q0,
urn:uuid:6408268a-bb59-4cce-b87a-42e78b7ccdf8,NEW,[],BPNL00000003B0Q0,
urn:uuid:c1cf6c91-d381-4b73-adc2-9a5caae2dba7,NEW,[],BPNL00000003B0Q0,
urn:uuid:e3eef423-dfaf-4f7c-9efc-69eb5d63d7fe,NEW,[],BPNL00000003B0Q0,
urn:uuid:17e2885d-0838-4ff7-97be-bdf9dc30824d,NEW,[],BPNL00000003B0Q0,
urn:uuid:5d565415-baa6-4d2a-a0ef-f5da02df2b16,NEW,[],BPNL00000003B0Q0,
urn:uuid:bb65e545-2e0e-4c1f-abf4-812885506d71,NEW,[],BPNL00000003B0Q0,
urn:uuid:5f3a7062-14dd-47d4-a746-618be6e7e086,NEW,[],BPNL00000003B0Q0,
urn:uuid:71eb4e1d-2c8b-4a46-9c63-d49a932baa97,NEW,[],BPNL00000003B0Q0,
urn:uuid:d7705343-8a9e-415e-8c2b-617222559e95,NEW,[],BPNL00000003B0Q0,
urn:uuid:a1c520f6-88cb-4458-9212-f6b3c0a5de63,NEW,[],BPNL00000003B0Q0,
urn:uuid:e78ac62b-31ca-4b57-a411-8a6e03ac1ad6,NEW,[],BPNL00000003B0Q0,
urn:uuid:9997efbd-8851-49ae-9bb4-700ada02ff0d,NEW,[],BPNL00000003B0Q0,
urn:uuid:735d69ec-982c-440e-9759-85eda1ebafeb,NEW,[],BPNL00000003B0Q0,
urn:uuid:8b207da3-f564-4dfd-bb25-4ef89f22cd44,NEW,[],BPNL00000003B0Q0,
urn:uuid:18f307cb-e774-4ae4-8fd9-747a0dd921b7,NEW,[],BPNL00000003B0Q0,
urn:uuid:9a2255e4-77a9-4fd8-9920-39f7ec018e4b,NEW,[],BPNL00000003B0Q0,
urn:uuid:3f27325a-0be9-4f6f-9d64-d99f75975e5e,NEW,[],BPNL00000003B0Q0,
urn:uuid:2650ebfe-b580-4522-a302-74e1688bb431,NEW,[],BPNL00000003B0Q0,
urn:uuid:7a5ba82c-b566-42cf-a622-01ca39806209,NEW,[],BPNL00000003B0Q0,
urn:uuid:971b3410-722d-4314-8b70-018024f20739,NEW,[],BPNL00000003B0Q0,
urn:uuid:53de2018-6d17-42dc-b616-fc74bdc51413,NEW,[],BPNL00000003B0Q0,
urn:uuid:453b77da-7758-4e58-909a-8b5fc6b193e6,NEW,[],BPNL00000003B0Q0,
urn:uuid:dd1ae1e5-40e6-49a4-b665-98b4f3113672,NEW,[],BPNL00000003B0Q0,
urn:uuid:f1c322b4-821c-4282-ab21-8660f21c7447,NEW,[],BPNL00000003B0Q0,
urn:uuid:477b0b2e-9439-4d39-9767-c566b5376a7f,NEW,[],BPNL00000003B0Q0,
urn:uuid:2560f0e7-2c11-4ba2-a1d0-38c2818d9034,NEW,[],BPNL00000003B0Q0,
urn:uuid:5e8dd236-15aa-4c7b-8ade-5694b3e04b29,NEW,[],BPNL00000003B0Q0,
urn:uuid:d2a78702-88e1-4dd9-b368-f451074ce6ea,NEW,[],BPNL00000003B0Q0,
urn:uuid:201453b9-430c-4f70-a387-b8d39d8efa26,NEW,[],BPNL00000003B0Q0,
urn:uuid:2b4c7887-7b22-4435-a8e6-641734a009bf,NEW,[],BPNL00000003B0Q0,
urn:uuid:d4925721-569f-47d5-91bd-422669bfc6bc,NEW,[],BPNL00000003B0Q0,
urn:uuid:d6c4130a-1889-4c23-ae95-f985b1117f7f,NEW,[],BPNL00000003B0Q0,
urn:uuid:de6cf21c-abbe-40bc-a18d-89407d5e3fdf,NEW,[],BPNL00000003B0Q0,
urn:uuid:c0aba335-0717-4341-89b2-05194050f6f8,NEW,[],BPNL00000003B0Q0,
urn:uuid:73e8ee8f-faf0-4348-a1dc-aa699c23ecbf,NEW,[],BPNL00000003B0Q0,
urn:uuid:476f184b-0115-49c3-a79b-e48e785cdd76,NEW,[],BPNL00000003B0Q0,
urn:uuid:c8e87dad-e6f2-418b-9ff7-b068aa82b3c4,NEW,[],BPNL00000003B0Q0,
urn:uuid:98993ef5-02ba-4537-a671-985d5ae276cc,NEW,[],BPNL00000003B0Q0,
urn:uuid:c6f816ec-acde-4b6f-9dcb-52f38002cf30,NEW,[],BPNL00000003B0Q0,
urn:uuid:98cdd3cb-2d7e-4328-9365-81719914054f,NEW,[],BPNL00000003B0Q0,
urn:uuid:55c07ed7-adde-4bb1-b69d-229dde0fcf2e,NEW,[],BPNL00000003B0Q0,
urn:uuid:2ef4fc60-bfbc-4f7a-bd76-c3f88c4de477,NEW,[],BPNL00000003B0Q0,
urn:uuid:d68a96db-4188-49b5-b401-a7df338e3256,NEW,[],BPNL00000003B0Q0,
urn:uuid:051ccab8-7eab-48fb-b8c0-1810f6b0251b,NEW,[],BPNL00000003B0Q0,
urn:uuid:2b0b85cb-708a-4de5-9a96-fa69a306dab8,NEW,[],BPNL00000003B0Q0,
urn:uuid:64d06ed9-44d5-4717-b284-4f0eaa3a78dc,NEW,[],BPNL00000003B0Q0,
urn:uuid:3e2f5638-8239-4452-8439-6a6cd8cf5a50,NEW,[],BPNL00000003B0Q0,
urn:uuid:6ecd5988-74a8-4014-86d6-821df6eac9ee,NEW,[],BPNL00000003B0Q0,
urn:uuid:4956d451-a078-49ff-ace2-f8f1b5377b2e,NEW,[],BPNL00000003B0Q0,
urn:uuid:a578bddc-4d4a-4c5b-9cfc-1635d2bc687c,NEW,[],BPNL00000003B0Q0,
urn:uuid:737018d2-abc4-4037-9f93-1c37b2dd166e,NEW,[],BPNL00000003B0Q0,
urn:uuid:85e0d6c3-d58f-4fa2-8bca-213f770727c4,NEW,[],BPNL00000003B0Q0,
urn:uuid:3dc14391-2111-4d4e-b968-a72286ef6a3d,NEW,[],BPNL00000003B0Q0,
urn:uuid:a164e387-0060-4e82-a32a-cfde73682e2d,NEW,[],BPNL00000003B0Q0,
urn:uuid:501f5390-1cd4-4fe5-8498-ebbd03e6abc3,NEW,[],BPNL00000003B0Q0,
urn:uuid:63f5bbc9-b48a-40a7-8ff9-d63e10553d45,NEW,[],BPNL00000003B0Q0,
urn:uuid:ead602ee-636c-4e43-be3e-157c343ea2a5,NEW,[],BPNL00000003B0Q0,
urn:uuid:0775c970-1a91-41d9-8178-0f95eaf615b8,NEW,[],BPNL00000003B0Q0,
urn:uuid:f6dd5377-7522-40b3-882e-215dea7a9b2f,NEW,[],BPNL00000003B0Q0,
urn:uuid:bb31add2-89bc-4547-881a-e8e32495065f,NEW,[],BPNL00000003B0Q0,
urn:uuid:2806ab06-3b7a-455a-95da-26208d00789f,NEW,[],BPNL00000003B0Q0,
urn:uuid:1d3b8348-7c78-491a-a694-65954d466659,NEW,[],BPNL00000003B0Q0,
urn:uuid:26beacc4-60d2-4f25-a768-d0b16e52c8ea,NEW,[],BPNL00000003B0Q0,
urn:uuid:8ea6498e-8055-4b90-9f64-baffad85f63b,NEW,[],BPNL00000003B0Q0,
urn:uuid:124ebb4a-ef87-4aac-b713-6c005d303a95,NEW,[],BPNL00000003B0Q0,
urn:uuid:5b4b5e08-b3ad-42bb-a536-b236f434af52,NEW,[],BPNL00000003B0Q0,
urn:uuid:2208a426-79b9-4675-bd1a-722a75596a06,NEW,[],BPNL00000003B0Q0,
urn:uuid:a37fc583-1d0e-413e-8bfc-4897c971a66d,NEW,[],BPNL00000003B0Q0,
urn:uuid:8e520fbf-bb87-473c-8825-97d0343bfaae,NEW,[],BPNL00000003B0Q0,
urn:uuid:f5bb991a-3b5f-4d2d-8f01-cbdc4e7cb728,NEW,[],BPNL00000003B0Q0,
urn:uuid:ecc4993b-d1ae-4626-8665-50cb93d1cc0c,NEW,[],BPNL00000003B0Q0,
urn:uuid:a448e4e7-39a7-40b9-9c0e-c4f60bd06bcd,NEW,[],BPNL00000003B0Q0,
urn:uuid:801c9834-18b8-425f-b6aa-7cc8f1654b4c,NEW,[],BPNL00000003B0Q0,
urn:uuid:dc55eabe-b208-4164-b30f-45bca9b1e900,NEW,[],BPNL00000003B0Q0,
urn:uuid:2084b1cf-637f-4d5c-a766-64c1e8e9fd91,NEW,[],BPNL00000003B0Q0,
urn:uuid:a648b4b8-a4f3-4c95-9c6b-e5578e6ab0de,NEW,[],BPNL00000003B0Q0,
urn:uuid:53b57126-2d08-44b1-9633-9ec05e47a52f,NEW,[],BPNL00000003B0Q0,
urn:uuid:d0f41f78-da37-433b-add6-03d0766d7fd0,NEW,[],BPNL00000003B0Q0,
urn:uuid:fab9da5f-64e4-4fc5-b4d5-576df14fc46d,NEW,[],BPNL00000003B0Q0,
urn:uuid:b8720151-0d88-4ca3-962a-6be33fc07b53,NEW,[],BPNL00000003B0Q0,
urn:uuid:b8a3ce4f-f9de-4978-9320-c8e5bd86143f,NEW,[],BPNL00000003B0Q0,
urn:uuid:86d6f154-1060-402d-88e6-366a0c7eb70c,NEW,[],BPNL00000003B0Q0,
urn:uuid:dfa7ded1-da40-414d-a5e4-228a6f9173ad,NEW,[],BPNL00000003B0Q0,
urn:uuid:394d988e-c2d0-4345-8bfb-28fbeba9f002,NEW,[],BPNL00000003B0Q0,
urn:uuid:c88bb4a9-32e4-4e72-8257-9c836c940a04,NEW,[],BPNL00000003B0Q0,
urn:uuid:5a5f9bd6-a631-4a0d-8874-56999e075f39,NEW,[],BPNL00000003B0Q0,
urn:uuid:9be360cf-c0ef-4fe7-9a66-1ea08b240212,NEW,[],BPNL00000003B0Q0,
urn:uuid:9aba9ae7-3eb8-4d76-a219-9c99e43a4ca4,NEW,[],BPNL00000003B0Q0,
urn:uuid:d225c82a-ba80-4099-b9a0-f29e35d4d5d0,NEW,[],BPNL00000003B0Q0,
urn:uuid:04ef9619-bb0e-4b9d-ab1a-57156eb40df7,NEW,[],BPNL00000003B0Q0,
urn:uuid:28d63a40-0c5d-4da2-af9f-2b3197e70389,NEW,[],BPNL00000003B0Q0,
urn:uuid:b17538f7-cb62-4a15-92d9-61fc7f54e5ed,NEW,[],BPNL00000003B0Q0,
urn:uuid:357d732b-d8ab-46b7-994b-c59d4add6f1d,NEW,[],BPNL00000003B0Q0,
urn:uuid:7a39c92e-cea4-439f-93f7-bdc98c8978f3,NEW,[],BPNL00000003B0Q0,
urn:uuid:b8991867-3414-44ef-9197-d87d89cd4def,NEW,[],BPNL00000003B0Q0,
urn:uuid:64f016eb-ecff-4cb0-9ce1-b21c7aeed0f2,NEW,[],BPNL00000003B0Q0,
urn:uuid:769dff08-f0ae-41a2-9401-b03491b89d12,NEW,[],BPNL00000003B0Q0,
urn:uuid:c3d9df58-6ed5-41a1-a46c-d336b0341e4d,NEW,[],BPNL00000003B0Q0,
urn:uuid:db9ce91f-6d59-4673-8616-3d7b9fdc7d1b,NEW,[],BPNL00000003B0Q0,
urn:uuid:39fcab2b-4ba1-4b3b-af01-2febe573c349,NEW,[],BPNL00000003B0Q0,
urn:uuid:949451ab-430a-4282-ae92-24a61b02e985,NEW,[],BPNL00000003B0Q0,
urn:uuid:a8168279-a593-43a1-91e3-2708b600e97f,NEW,[],BPNL00000003B0Q0,
urn:uuid:0c315906-a5fe-4b22-8a03-ab49551fdedb,NEW,[],BPNL00000003B0Q0,
urn:uuid:dd8792f9-8958-4bb3-af69-87c3a0590edf,NEW,[],BPNL00000003B0Q0,
urn:uuid:03416d33-e95a-4cea-9cdc-dd8928861e77,NEW,[],BPNL00000003B0Q0,
urn:uuid:548f7d9b-7dae-4d7a-933f-6a5e0f30cfe1,NEW,[],BPNL00000003B0Q0,
urn:uuid:6757144f-1be5-49a3-bc25-e59401a50f77,NEW,[],BPNL00000003B0Q0,
urn:uuid:7e5684c5-5b58-44d3-a066-4da88bd08e6c,NEW,[],BPNL00000003B0Q0,
urn:uuid:0e31923f-53f5-4775-8ce6-60e8d67e9c5c,NEW,[],BPNL00000003B0Q0,
urn:uuid:8e300cc5-5990-45b5-94e6-2ad51e4515a1,NEW,[],BPNL00000003B0Q0,
urn:uuid:5e054e56-2d06-4bb7-824b-bd31d2aca3e8,NEW,[],BPNL00000003B0Q0,
urn:uuid:6c5b93bc-089d-40e7-b741-af6ebb4aebf0,NEW,[],BPNL00000003B0Q0,
urn:uuid:832bfb37-6675-411d-b3d2-99064a6c32ae,NEW,[],BPNL00000003B0Q0,
urn:uuid:83594e02-ce8c-4fbc-b9c6-556caa9d1414,NEW,[],BPNL00000003B0Q0,
urn:uuid:57f75d06-e261-46a3-9cec-396733494e23,NEW,[],BPNL00000003B0Q0,
urn:uuid:ca5c1259-f8ec-4551-b142-82a1b5da27d9,NEW,[],BPNL00000003B0Q0,
urn:uuid:09f9297d-26bb-4fe5-b3c4-d286a75c7b2f,NEW,[],BPNL00000003B0Q0,
urn:uuid:72ff8b79-0919-4d72-8ba5-1497300b685a,NEW,[],BPNL00000003B0Q0,
urn:uuid:05140953-ce5d-4d30-b8e6-a66343b093fc,NEW,[],BPNL00000003B0Q0,
urn:uuid:0d34c518-7cf1-49a0-82a9-c65713f54507,NEW,[],BPNL00000003B0Q0,
urn:uuid:a4b1dadb-f93d-46e1-8be1-0adcd4b85d03,NEW,[],BPNL00000003B0Q0,
urn:uuid:ea79f723-f64e-4e89-9a01-a254321d5e69,NEW,[],BPNL00000003B0Q0,
urn:uuid:00676cde-bcce-4d9b-a9ab-ae3c1f737b1d,NEW,[],BPNL00000003B0Q0,
urn:uuid:950492c9-1f1f-4931-8539-11748a7609a8,NEW,[],BPNL00000003B0Q0,
urn:uuid:d3a20702-946a-47c0-8a5e-760c10b95a0d,NEW,[],BPNL00000003B0Q0,
urn:uuid:aa600287-1716-4204-8408-81a1a16d6424,NEW,[],BPNL00000003B0Q0,
urn:uuid:c1927d3e-7476-4b34-bd24-26d184b0dcc0,NEW,[],BPNL00000003B0Q0,
urn:uuid:158445bf-222f-44a8-85dc-1b3f54283a32,NEW,[],BPNL00000003B0Q0,
urn:uuid:a1dcdd73-6408-4bb5-853f-3e17f73eca5b,NEW,[],BPNL00000003B0Q0,
urn:uuid:bdba3777-4e55-4df3-8711-c2dc0d5f5f65,NEW,[],BPNL00000003B0Q0,
urn:uuid:2c10429b-a1b9-4c0d-8557-fd2f1e5db00a,NEW,[],BPNL00000003B0Q0,
urn:uuid:520a12aa-398d-484d-b71b-372a246cbb5a,NEW,[],BPNL00000003B0Q0,
urn:uuid:bce42d12-729f-4a36-959e-48ecc99ed428,NEW,[],BPNL00000003B0Q0,
urn:uuid:0c13010f-77aa-449e-b821-d9f063c743d8,NEW,[],BPNL00000003B0Q0,
urn:uuid:af48a73f-02bc-415b-8aef-6cfbe6923413,NEW,[],BPNL00000003B0Q0,
urn:uuid:651af37d-2377-48e5-84d2-5e31d7e0ab31,NEW,[],BPNL00000003B0Q0,
urn:uuid:c7dceb67-b6a8-432d-8280-880a2133b530,NEW,[],BPNL00000003B0Q0,
urn:uuid:2452da12-700c-4357-8603-aa6cebb9df5c,NEW,[],BPNL00000003B0Q0,
urn:uuid:1ee0201e-3896-4011-846f-d25d4832788e,NEW,[],BPNL00000003B0Q0,
urn:uuid:36455d16-7da1-46de-811c-0fe47f63378a,NEW,[],BPNL00000003B0Q0,
urn:uuid:bb22e291-5712-4c6b-b177-e59346ee7c92,NEW,[],BPNL00000003B0Q0,
urn:uuid:d4a563e4-fe84-42be-a746-4d891e22df05,NEW,[],BPNL00000003B0Q0,
urn:uuid:1161edb2-a53e-4a18-a4bc-2bb38ce4df2d,NEW,[],BPNL00000003B0Q0,
urn:uuid:751a6644-30bf-4b87-aca9-5675a79e2e01,NEW,[],BPNL00000003B0Q0,
urn:uuid:d3a787ee-4596-4c20-b699-e6afae9386e7,NEW,[],BPNL00000003B0Q0,
urn:uuid:5b1fab98-6169-46c6-8fc1-42fd57099e45,NEW,[],BPNL00000003B0Q0,
urn:uuid:4d611210-31bd-495c-a4f3-d9235b6cfaa0,NEW,[],BPNL00000003B0Q0,
urn:uuid:a05de0f6-7a03-4a07-b072-51f024ced558,NEW,[],BPNL00000003B0Q0,
urn:uuid:bf57cb19-06cc-468c-95c0-b67c1d305df7,NEW,[],BPNL00000003B0Q0,
urn:uuid:38b54b59-3a94-493c-ae22-ba4f8ef1b24d,NEW,[],BPNL00000003B0Q0,
urn:uuid:b21e1345-ad38-46d8-b489-59abafe02151,NEW,[],BPNL00000003B0Q0,
urn:uuid:20a094c3-0c26-4009-960f-81311f08bfc6,NEW,[],BPNL00000003B0Q0,
urn:uuid:f104e566-3cae-4520-b63b-8f07db588803,NEW,[],BPNL00000003B0Q0,
urn:uuid:447ae9f2-04d7-4dde-95b7-2a35c2fc55f4,NEW,[],BPNL00000003B0Q0,
urn:uuid:8728e9c6-b825-453a-a11f-66c9fe74e215,NEW,[],BPNL00000003B0Q0,
urn:uuid:f903e6ea-9ae0-4fac-ae77-a4459952a601,NEW,[],BPNL00000003B0Q0,
urn:uuid:cdcf0985-aaf5-4a05-b81c-2aac47ed0f98,NEW,[],BPNL00000003B0Q0,
urn:uuid:7c02dab5-2ff1-43e4-b3ab-4e2c371ead45,NEW,[],BPNL00000003B0Q0,
urn:uuid:5ba33de2-547c-4350-aa2a-c2c3c8d939e5,NEW,[],BPNL00000003B0Q0,
urn:uuid:4b922dd7-480e-4c2d-b4ea-a725ec55753c,NEW,[],BPNL00000003B0Q0,
urn:uuid:963564a1-e564-49cf-a73c-ace599edb6ce,NEW,[],BPNL00000003B0Q0,
urn:uuid:0ead65d4-38ed-4355-b967-de8a12145f64,NEW,[],BPNL00000003B0Q0,
urn:uuid:70dff426-562c-41e8-a089-c256b407846c,NEW,[],BPNL00000003B0Q0,
urn:uuid:00fe8840-75ce-460c-9763-45134f749e66,NEW,[],BPNL00000003B0Q0,
urn:uuid:515374db-ab0c-4ff3-b990-1407bc2e3343,NEW,[],BPNL00000003B0Q0,
urn:uuid:50155bb5-f677-4b62-959c-6fbe2285dc9d,NEW,[],BPNL00000003B0Q0,
urn:uuid:23855eb4-3bc5-4845-b1ce-cbc2a6939549,NEW,[],BPNL00000003B0Q0,
urn:uuid:609ec056-f086-4b15-9e01-2da2647af746,NEW,[],BPNL00000003B0Q0,
urn:uuid:300e8b75-9d33-460b-aaec-291f0bfce40f,NEW,[],BPNL00000003B0Q0,
urn:uuid:ab60412b-21da-4d95-8ba9-ef3437b9e687,NEW,[],BPNL00000003B0Q0,
urn:uuid:4df6c819-1dcc-4015-998a-cb9e2eb272ed,NEW,[],BPNL00000003B0Q0,
urn:uuid:6ab16791-d2e5-48d9-b6b8-5f9467e0df59,NEW,[],BPNL00000003B0Q0,
urn:uuid:82d09c2b-2c98-4ac2-ab9c-e5936e90c9bd,NEW,[],BPNL00000003B0Q0,
urn:uuid:fda679a0-91b7-4123-9020-1f3f62e49bf1,NEW,[],BPNL00000003B0Q0,
urn:uuid:28288a4c-b926-4e95-8873-87930fe5b933,NEW,[],BPNL00000003B0Q0,
urn:uuid:c14fae7c-6947-4933-b5e8-8d18be13d88f,NEW,[],BPNL00000003B0Q0,
urn:uuid:c4da58f8-ad56-4cf7-9181-818848934c75,NEW,[],BPNL00000003B0Q0,
urn:uuid:bdd27ffb-d47a-4c79-b1f3-206cd6c9cfe3,NEW,[],BPNL00000003B0Q0,
urn:uuid:9e7e85c8-aa2e-4f47-a9f1-8572590aaaa2,NEW,[],BPNL00000003B0Q0,
urn:uuid:0eef29a7-814f-4432-8c96-c45e7b2066c0,NEW,[],BPNL00000003B0Q0,
urn:uuid:b38e34b5-53d0-4583-a2e6-1a70f9491968,NEW,[],BPNL00000003B0Q0,
urn:uuid:fc2c6ad4-bb41-45c2-ae1c-755d1353af1d,NEW,[],BPNL00000003B0Q0,
urn:uuid:f8141962-2fcf-49ea-8bf2-43d68d146d2d,NEW,[],BPNL00000003B0Q0,
urn:uuid:ef056d8e-f696-45fd-88f4-6c81ff7e7ed4,NEW,[],BPNL00000003B0Q0,
urn:uuid:4db47fad-74c7-428c-9d70-e91b8a2ac9c6,NEW,[],BPNL00000003B0Q0,
urn:uuid:04e404e1-35a0-4ba7-a7a7-abef20eee1a2,NEW,[],BPNL00000003B0Q0,
urn:uuid:aae486bf-2080-43a2-b41e-a6f50dfe1d7f,NEW,[],BPNL00000003B0Q0,
urn:uuid:9edfa957-f565-4243-96bf-6ed0b0798adb,NEW,[],BPNL00000003B0Q0,
urn:uuid:cea06abb-f069-4b27-898b-9aef140a0464,NEW,[],BPNL00000003B0Q0,
urn:uuid:df98d457-be22-40ba-81fd-7e6453a11f70,NEW,[],BPNL00000003B0Q0,
urn:uuid:2de5d013-f887-4597-9c2e-0af88cb3b787,NEW,[],BPNL00000003B0Q0,
urn:uuid:a8e93d6d-93b5-45f6-9858-e78468cf0e50,NEW,[],BPNL00000003B0Q0,
urn:uuid:def25633-7eb8-45e8-8557-6b91de6855d9,NEW,[],BPNL00000003B0Q0,
urn:uuid:77b5c913-db09-44f1-b933-7a274ae0e684,NEW,[],BPNL00000003B0Q0,
urn:uuid:505846f5-cf15-40b7-bcd9-3442726b61a4,NEW,[],BPNL00000003B0Q0,
urn:uuid:98a534fb-a60f-4810-96ff-8fa470e45c4a,NEW,[],BPNL00000003B0Q0,
urn:uuid:1cf3364b-36a0-4004-9f33-395c6b715092,NEW,[],BPNL00000003B0Q0,
urn:uuid:20a30779-1ca6-47e8-81fd-bcaff9738ad5,NEW,[],BPNL00000003B0Q0,
urn:uuid:b2ab261e-4ab5-4d1a-958a-7c81baf36e34,NEW,[],BPNL00000003B0Q0,
urn:uuid:751fb389-7dd3-4f47-bf07-355b3eaf4366,NEW,[],BPNL00000003B0Q0,
urn:uuid:a734aff3-011c-4e9f-b8c4-b3f9af781bf1,NEW,[],BPNL00000003B0Q0,
urn:uuid:2552e717-89b9-4779-aa09-b930a325fd48,NEW,[],BPNL00000003B0Q0,
urn:uuid:857c1e4a-d19c-4f01-a232-d10c49566b37,NEW,[],BPNL00000003B0Q0,
urn:uuid:6974122b-191e-499b-a099-8bf2dba5f627,NEW,[],BPNL00000003B0Q0,
urn:uuid:8f356ebe-b86f-4e05-bcb5-814e4fc83154,NEW,[],BPNL00000003B0Q0,
urn:uuid:53cb9477-3991-4abe-9a96-6d89e46eac82,NEW,[],BPNL00000003B0Q0,
urn:uuid:72ffe9d9-3fa3-433b-ba2a-a871a1703e4b,NEW,[],BPNL00000003B0Q0,
urn:uuid:ea280e92-2ef5-4364-bb52-b97048e046b5,NEW,[],BPNL00000003B0Q0,
urn:uuid:6f22fb97-0caf-4bc3-b4c1-bd423261667e,NEW,[],BPNL00000003B0Q0,
urn:uuid:4bad6c36-601a-401e-ac4a-880298105dda,NEW,[],BPNL00000003B0Q0,
urn:uuid:82bc393c-d2cb-4a26-b62c-d4b6f1379900,NEW,[],BPNL00000003B0Q0,
urn:uuid:2047b2a5-078b-4782-80b5-70d515f8401b,NEW,[],BPNL00000003B0Q0,
urn:uuid:5d46b182-492a-47d2-8d6f-75417bf4dfbb,NEW,[],BPNL00000003B0Q0,
urn:uuid:13f40bda-b873-4299-8776-0c2ae14dea00,NEW,[],BPNL00000003B0Q0,
urn:uuid:4ea5011c-73d4-4d12-bbda-adec986bf50a,NEW,[],BPNL00000003B0Q0,
urn:uuid:0d6feaa0-81e8-450c-91dd-d2df33dbebdb,NEW,[],BPNL00000003B0Q0,
urn:uuid:414ed6a3-5943-4ecc-93df-ed39221a31c2,NEW,[],BPNL00000003B0Q0,
urn:uuid:cb9f51ee-c02b-47bb-a568-7f5120d781d9,NEW,[],BPNL00000003B0Q0,
urn:uuid:8d6b6823-e5ed-447b-bf31-b1c629483179,NEW,[],BPNL00000003B0Q0,
urn:uuid:3892e34c-e01f-413c-90db-e45ea1de6f49,NEW,[],BPNL00000003B0Q0,
urn:uuid:4f233aa2-1b12-4c1b-9422-2627e1f5e658,NEW,[],BPNL00000003B0Q0,
urn:uuid:d1e3e595-6e29-4b8b-a882-fd92275b89dd,NEW,[],BPNL00000003B0Q0,
urn:uuid:63150e48-046e-48cc-af56-812efe9b349d,NEW,[],BPNL00000003B0Q0,
urn:uuid:f87eeb0f-62b1-41e2-944b-5b0f4cacc5b6,NEW,[],BPNL00000003B0Q0,
urn:uuid:d560ba8c-a171-45f0-84f7-de6ac92f63ef,NEW,[],BPNL00000003B0Q0,
urn:uuid:0f91a172-65b7-49c2-ad9c-a6860300b9a4,NEW,[],BPNL00000003B0Q0,
urn:uuid:406a786f-74d6-4a1a-a8d6-8c26f3bda688,NEW,[],BPNL00000003B0Q0,
urn:uuid:d8648918-58d8-4b41-a021-7ac669c808e4,NEW,[],BPNL00000003B0Q0,
urn:uuid:580c3579-b471-4ab3-9e10-97331fd1bf81,NEW,[],BPNL00000003B0Q0,
urn:uuid:65e391e3-3e50-4849-b005-d406ee9eb594,NEW,[],BPNL00000003B0Q0,
urn:uuid:8b22e05f-e073-494f-a0cb-31273af0bcfc,NEW,[],BPNL00000003B0Q0,
urn:uuid:f8817c27-adf8-4e60-922f-bde8b82e17c2,NEW,[],BPNL00000003B0Q0,
urn:uuid:87b278d5-ab4e-4e5e-8a24-9292b49cf465,NEW,[],BPNL00000003B0Q0,
urn:uuid:b8032cad-954a-4a02-817f-675a9dc9fa50,NEW,[],BPNL00000003B0Q0,
urn:uuid:1624577a-11d0-4cd9-9afc-27818aaad235,NEW,[],BPNL00000003B0Q0,
urn:uuid:18f18bc3-2aca-461a-8895-577a76797dbb,NEW,[],BPNL00000003B0Q0,
urn:uuid:a4a6c75b-ee45-47a8-92fb-c15080b6d397,NEW,[],BPNL00000003B0Q0,
urn:uuid:658d8df4-76ec-4859-b6f2-c3fe9d3bc9e3,NEW,[],BPNL00000003B0Q0,
urn:uuid:99a000a4-6bd6-45de-b35d-051a56f924b5,NEW,[],BPNL00000003B0Q0,
urn:uuid:c738b279-c470-4e35-83c8-f5a867badc60,NEW,[],BPNL00000003B0Q0,
urn:uuid:8ce2b589-fa52-4268-b2e1-02e149198fcf,NEW,[],BPNL00000003B0Q0,
urn:uuid:719a4207-62df-4d72-9e79-eee5a858ac0b,NEW,[],BPNL00000003B0Q0,
urn:uuid:5ef7770f-c75e-402c-afc9-fedc6d3c1c68,NEW,[],BPNL00000003B0Q0,
urn:uuid:69c749b8-3e61-4be0-b138-d01f8648807e,NEW,[],BPNL00000003B0Q0,
urn:uuid:d56fa9cc-4dbb-4cc5-be80-7689f36c2913,NEW,[],BPNL00000003B0Q0,
urn:uuid:a5d69d6c-dd31-4069-ad43-55d99589707e,NEW,[],BPNL00000003B0Q0,
urn:uuid:126f7c35-babc-4197-a1a7-b986bcd600e9,NEW,[],BPNL00000003B0Q0,
urn:uuid:50e9c976-a18c-4cab-95d4-9df59a09a529,NEW,[],BPNL00000003B0Q0,
urn:uuid:2ff7ebcc-cf42-42d4-b4e3-20125663ed42,NEW,[],BPNL00000003B0Q0,
urn:uuid:258fd99b-cbfc-4f12-8883-ca04f483db46,NEW,[],BPNL00000003B0Q0,
urn:uuid:9ccdb83d-6e2f-484b-a863-518266adbf51,NEW,[],BPNL00000003B0Q0,
urn:uuid:89e7098e-fa07-46b0-afb0-0fe0e1f42af7,NEW,[],BPNL00000003B0Q0,
urn:uuid:52530c3a-98cc-473d-9f8b-574b03a9dfb5,NEW,[],BPNL00000003B0Q0,
urn:uuid:19e3bbfd-e8c6-44c0-85fa-301d9050e9a9,NEW,[],BPNL00000003B0Q0,
urn:uuid:9a58df98-639c-4a37-9421-43a8c3b3c477,NEW,[],BPNL00000003B0Q0,
urn:uuid:eadc2594-6ff0-405e-a13b-d2a636f5a87a,NEW,[],BPNL00000003B0Q0,
urn:uuid:acc4861a-2c8f-4cca-99ba-949472d097d0,NEW,[],BPNL00000003B0Q0,
urn:uuid:8020a33b-ca84-49b7-902b-2320175c39bd,NEW,[],BPNL00000003B0Q0,
urn:uuid:c7d48448-6ce2-4a27-b179-847b407de976,NEW,[],BPNL00000003B0Q0,
urn:uuid:cd059db0-ef2e-4c24-a7b3-62f7876940bf,NEW,[],BPNL00000003B0Q0,
urn:uuid:bf75cc7a-1cf6-440a-92fa-cd5972870ab6,NEW,[],BPNL00000003B0Q0,
urn:uuid:ea123afb-7294-49a8-ad62-41f38957f1f3,NEW,[],BPNL00000003B0Q0,
urn:uuid:c6df850c-7a3e-4411-8abb-e10f43ca8dd0,NEW,[],BPNL00000003B0Q0,
urn:uuid:4e31806e-471d-4b50-8293-9e33df49eb02,NEW,[],BPNL00000003B0Q0,
urn:uuid:6df8e6bb-7070-4659-90fc-fad6462e1859,NEW,[],BPNL00000003B0Q0,
urn:uuid:fd2da73e-ae7b-404f-a19a-ff5e439de893,NEW,[],BPNL00000003B0Q0,
urn:uuid:d7b51e8b-6cf4-499c-9dd2-5e2c0a9c6bb9,NEW,[],BPNL00000003B0Q0,
urn:uuid:806f2719-be4f-4969-80fe-2532c59d702c,NEW,[],BPNL00000003B0Q0,
urn:uuid:34bf6eaf-80ff-4c81-a796-2702d7d4f729,NEW,[],BPNL00000003B0Q0,
urn:uuid:5cd838c3-be9c-424a-aec7-505366098db5,NEW,[],BPNL00000003B0Q0,
urn:uuid:958b9aa8-29a9-4529-a651-10de31f9ce2b,NEW,[],BPNL00000003B0Q0,
urn:uuid:b2836554-4575-4cd0-856c-9388f6b97738,NEW,[],BPNL00000003B0Q0,
urn:uuid:dd37929b-6e1c-443e-a82e-5b187ee7e914,NEW,[],BPNL00000003B0Q0,
urn:uuid:b188460e-e008-4d72-85b6-7079bcb4402d,NEW,[],BPNL00000003B0Q0,
urn:uuid:7aca6414-ef2b-4a0d-86c7-b5c95db462c5,NEW,[],BPNL00000003B0Q0,
urn:uuid:59dfa379-682a-4dac-9356-21bd2f03b02b,NEW,[],BPNL00000003B0Q0,
urn:uuid:2f3646b6-20fe-4de9-88ea-6a6cddddb00f,NEW,[],BPNL00000003B0Q0,
urn:uuid:6061308e-191f-43f1-9291-1a5ab02cf0c3,NEW,[],BPNL00000003B0Q0,
urn:uuid:86f76781-c22c-4ecf-8264-787ae42de122,NEW,[],BPNL00000003B0Q0,
urn:uuid:24978b0a-d324-48a2-bc77-d36c8f33cfaa,NEW,[],BPNL00000003B0Q0,
urn:uuid:d1fbe752-9f7f-4321-8936-90a243bbd15a,NEW,[],BPNL00000003B0Q0,
urn:uuid:4b9f0e22-cdff-4956-b32b-db298b43fe51,NEW,[],BPNL00000003B0Q0,
urn:uuid:70ac0d97-450d-4a83-8913-194dbd8f65c7,NEW,[],BPNL00000003B0Q0,
urn:uuid:70c0581d-6e48-43e0-9aa6-a7ea9d05041f,NEW,[],BPNL00000003B0Q0,
urn:uuid:8c253b8a-6496-485b-9ff6-14b17d3a4a33,NEW,[],BPNL00000003B0Q0,
urn:uuid:b7c0153c-f453-4b18-9ef3-91608417d938,NEW,[],BPNL00000003B0Q0,
urn:uuid:a84ddabd-1a44-49d0-968d-b6a8929d5ace,NEW,[],BPNL00000003B0Q0,
urn:uuid:43cbf3b0-0f71-424c-add6-4d46ee9dc971,NEW,[],BPNL00000003B0Q0,
urn:uuid:1bbff09d-08c0-4005-b983-7c1b67d1f6f3,NEW,[],BPNL00000003B0Q0,
urn:uuid:a4bd7aee-59c2-49a3-a978-6257724a7357,NEW,[],BPNL00000003B0Q0,
urn:uuid:12cf7dd7-5878-4e70-89af-f9b5f0a221cd,NEW,[],BPNL00000003B0Q0,
urn:uuid:dc672e42-fa8f-41b5-be72-4a9f60eb40aa,NEW,[],BPNL00000003B0Q0,
urn:uuid:617cac8c-5b4d-4b92-af0b-6c07e309c311,NEW,[],BPNL00000003B0Q0,
urn:uuid:3cc3bb33-f9fc-45ae-b815-8ce71424cd65,NEW,[],BPNL00000003B0Q0,
urn:uuid:6f1f97b3-02e6-4839-8125-c95a83a3d4fc,NEW,[],BPNL00000003B0Q0,
urn:uuid:e4905195-fb77-41d6-9ea1-84e02d4ed88c,NEW,[],BPNL00000003B0Q0,
urn:uuid:d09b619b-9678-4fa5-874d-3ca3c5c61f93,NEW,[],BPNL00000003B0Q0,
urn:uuid:d016f25f-3c61-41eb-a33c-d2046e69c6db,NEW,[],BPNL00000003B0Q0,
urn:uuid:ed5db41b-23df-40b7-b80f-149c81eebdfc,NEW,[],BPNL00000003B0Q0,
urn:uuid:2b70e276-b5bf-424c-a5d4-8c26c940f52b,NEW,[],BPNL00000003B0Q0,
urn:uuid:ee418e4f-ab53-4cf5-b06d-369371384c51,NEW,[],BPNL00000003B0Q0,
urn:uuid:e918b119-a9f5-4b4f-bd5a-a55f860b392b,NEW,[],BPNL00000003B0Q0,
urn:uuid:af8c8963-9e55-4a20-88ec-0605ff7e4d01,NEW,[],BPNL00000003B0Q0,
urn:uuid:311ecc6a-213e-45c6-9594-77a59ea4c8e8,NEW,[],BPNL00000003B0Q0,
urn:uuid:a7e5e8c8-4cfa-4b2e-a134-9af587ceb0a5,NEW,[],BPNL00000003B0Q0,
urn:uuid:900f96c0-b455-4fca-953b-0c586cf09d0b,NEW,[],BPNL00000003B0Q0,
urn:uuid:de085007-2476-4b8d-ad74-78b7295b97d6,NEW,[],BPNL00000003B0Q0,
urn:uuid:8d2ab003-2fd6-4ae8-9e69-992ddac8252e,NEW,[],BPNL00000003B0Q0,
urn:uuid:19e87ce9-0ffc-44fc-9868-827f14787551,NEW,[],BPNL00000003B0Q0,
urn:uuid:081a7c7d-46ae-493d-9bf9-ef7c1839eb11,NEW,[],BPNL00000003B0Q0,
urn:uuid:4eb1315c-de47-4746-9cb6-330afe05a441,NEW,[],BPNL00000003B0Q0,
urn:uuid:3a6574a6-3870-49b8-b6a9-6ec704c8a264,NEW,[],BPNL00000003B0Q0,
urn:uuid:2585c2e7-bb71-43eb-af14-f5c9bcd98d29,NEW,[],BPNL00000003B0Q0,
urn:uuid:9571eb5f-3ead-4d1a-a135-715d2e5ed7cc,NEW,[],BPNL00000003B0Q0,
urn:uuid:7f1e4720-b5af-4e27-9c20-57418fe443eb,NEW,[],BPNL00000003B0Q0,
urn:uuid:9cee65dd-2378-4811-82a4-70c910036db7,NEW,[],BPNL00000003B0Q0,
urn:uuid:bdc93019-257f-4d35-ae67-cc151cd827b1,NEW,[],BPNL00000003B0Q0,
urn:uuid:9055d7fb-73ff-4b38-b8ff-f34a31fdb4e5,NEW,[],BPNL00000003B0Q0,
urn:uuid:53380569-ffab-4732-b4f9-d9b7acc5ee8f,NEW,[],BPNL00000003B0Q0,
urn:uuid:c97286d9-7a6c-4b31-9510-ed2f52bbf123,NEW,[],BPNL00000003B0Q0,
urn:uuid:a6d5fa4d-aa94-4489-b40a-8db0df9b7568,NEW,[],BPNL00000003B0Q0,
urn:uuid:c999192e-2e60-4e5c-b779-87ca7f2411b6,NEW,[],BPNL00000003B0Q0,
urn:uuid:89b2a361-7608-4b13-bf38-4384b90b1746,NEW,[],BPNL00000003B0Q0,
urn:uuid:8186e8a6-a547-4d62-916c-15cec97a4eb8,NEW,[],BPNL00000003B0Q0,
urn:uuid:e9fa47c2-f6c7-4a16-a239-a7d2c97e7dc0,NEW,[],BPNL00000003B0Q0,
urn:uuid:03f99c60-c788-49d2-9b12-82554fa94a15,NEW,[],BPNL00000003B0Q0,
urn:uuid:ba7532d0-659f-48ea-859a-391f7463bd84,NEW,[],BPNL00000003B0Q0,
urn:uuid:27b72d94-cc7c-4b8e-9af1-60591e524518,NEW,[],BPNL00000003B0Q0,
urn:uuid:f08500da-9b8b-4c71-87fd-f02e18bc473e,NEW,[],BPNL00000003B0Q0,
urn:uuid:63e558bb-e706-4bdf-a4f6-b57b2c3b4445,NEW,[],BPNL00000003B0Q0,
urn:uuid:58360805-b84a-446a-84af-f172e0c330af,NEW,[],BPNL00000003B0Q0,
urn:uuid:572de0ed-04b7-4173-8a77-cb7a966cc1ba,NEW,[],BPNL00000003B0Q0,
urn:uuid:f9732022-dbfa-4a53-93c6-0e4d07d95865,NEW,[],BPNL00000003B0Q0,
urn:uuid:9203a698-4455-4b6a-b38e-373a9834fd94,NEW,[],BPNL00000003B0Q0,
urn:uuid:2efa978d-590c-4b0f-9a85-eace15a85f15,NEW,[],BPNL00000003B0Q0,
urn:uuid:7f104bec-785c-4734-b737-8cca77cc226a,NEW,[],BPNL00000003B0Q0,
urn:uuid:b75be798-4885-4332-98f3-8269ddd8f83b,NEW,[],BPNL00000003B0Q0,
urn:uuid:636518df-027c-4d49-9447-803e4aa221cd,NEW,[],BPNL00000003B0Q0,
urn:uuid:0cd12bcf-81f1-40e7-aa24-6fc1204242d4,NEW,[],BPNL00000003B0Q0,
urn:uuid:8722889b-0cca-4e53-bb35-824a77683453,NEW,[],BPNL00000003B0Q0,
urn:uuid:8af304ca-fd48-43bf-90a0-851703732dcf,NEW,[],BPNL00000003B0Q0,
urn:uuid:c0056ca4-aa93-41e5-a2db-b8f72c905a82,NEW,[],BPNL00000003B0Q0,
urn:uuid:bd082c1d-472f-45fc-b25f-d548641359b3,NEW,[],BPNL00000003B0Q0,
urn:uuid:d0318778-35cb-442e-a9c7-a58f3c843610,NEW,[],BPNL00000003B0Q0,
urn:uuid:4b7c6847-7f17-4655-91aa-a008107bb951,NEW,[],BPNL00000003B0Q0,
urn:uuid:d24cd6c8-493c-4961-b52c-d2afbd18b20a,NEW,[],BPNL00000003B0Q0,
urn:uuid:a4382713-9f49-4764-a1d4-41c333375bf5,NEW,[],BPNL00000003B0Q0,
urn:uuid:6547b714-8f5e-4448-b596-e3c9d8f60a0b,NEW,[],BPNL00000003B0Q0,
urn:uuid:d2e6e31e-d0fe-4cf3-b607-01a6917c6a0f,NEW,[],BPNL00000003B0Q0,
urn:uuid:b461d7a1-9e5c-4b61-a1ea-1a3feadb4726,NEW,[],BPNL00000003B0Q0,
urn:uuid:752d5be2-3ac4-49fa-b366-6f178f12ae81,NEW,[],BPNL00000003B0Q0,
urn:uuid:c0f770cc-dde2-4919-8344-0bd331384830,NEW,[],BPNL00000003B0Q0,
urn:uuid:c0a5a7ad-e306-47a3-8ab9-7d2558d92d31,NEW,[],BPNL00000003B0Q0,
urn:uuid:b707a28c-ae8e-4327-8cfc-7963a102d5f5,NEW,[],BPNL00000003B0Q0,
urn:uuid:33cd5f2e-8004-478d-8410-221cc265d4f4,NEW,[],BPNL00000003B0Q0,
urn:uuid:c18eed2c-453c-4672-ac10-fcb140a39d86,NEW,[],BPNL00000003B0Q0,
urn:uuid:9e5994de-0619-4e8b-a600-02e2ac867752,NEW,[],BPNL00000003B0Q0,
urn:uuid:efffff03-ef33-47a8-be43-b1b6d64a5dd9,NEW,[],BPNL00000003B0Q0,
urn:uuid:0bc91322-ff30-4aa8-988c-cbe2451cf921,NEW,[],BPNL00000003B0Q0,
urn:uuid:f10c77e7-09af-4554-a80c-b90acffa5bfe,NEW,[],BPNL00000003B0Q0,
urn:uuid:efdae271-a5ef-45ab-89e2-755f2686807e,NEW,[],BPNL00000003B0Q0,
urn:uuid:3ff50ab4-aefa-4f02-a10a-16163abbbdda,NEW,[],BPNL00000003B0Q0,
urn:uuid:306440fa-33a7-4d39-be9b-b0d4540d9def,NEW,[],BPNL00000003B0Q0,
urn:uuid:a256b373-84db-44ed-991b-f0361686895e,NEW,[],BPNL00000003B0Q0,
urn:uuid:28512163-08df-49b7-88b7-a914dc983031,NEW,[],BPNL00000003B0Q0,
urn:uuid:bf44484d-b88a-4606-baa1-3de50a7fa933,NEW,[],BPNL00000003B0Q0,
urn:uuid:d1d71818-c0d5-4b17-9406-3e6ae3d62bca,NEW,[],BPNL00000003B0Q0,
urn:uuid:4c8ead71-83db-4d75-8f6b-ed66d12593f7,NEW,[],BPNL00000003B0Q0,
urn:uuid:0340d32b-d293-45cb-a884-49d1b9c2f54a,NEW,[],BPNL00000003B0Q0,
urn:uuid:74be3d09-e7bf-4e29-a239-30693a2ba67d,NEW,[],BPNL00000003B0Q0,
urn:uuid:5b88e52b-53c9-4278-a39b-3883a166ac78,NEW,[],BPNL00000003B0Q0,
urn:uuid:828858c8-e22e-4fb8-878d-f983b9543204,NEW,[],BPNL00000003B0Q0,
urn:uuid:ab381eb6-a755-4685-96d5-8a3bd907740b,NEW,[],BPNL00000003B0Q0,
urn:uuid:5a93a6a2-1860-41af-874f-75753fea82a8,NEW,[],BPNL00000003B0Q0,
urn:uuid:73415636-03f4-438c-9ebc-49c7063f1f69,NEW,[],BPNL00000003B0Q0,
urn:uuid:0664fa37-a496-4a0e-b469-fbf7045e5781,NEW,[],BPNL00000003B0Q0,
urn:uuid:e5ff3163-ee79-4731-9eaf-2f70122c2237,NEW,[],BPNL00000003B0Q0,
urn:uuid:9fb2724f-a26f-43c1-b966-1636a07a06de,NEW,[],BPNL00000003B0Q0,
urn:uuid:f015e8a9-e52b-4ea4-81e3-4c0721f67d76,NEW,[],BPNL00000003B0Q0,
urn:uuid:dce93277-a661-428d-a68e-66c4c9ee460d,NEW,[],BPNL00000003B0Q0,
urn:uuid:84cca29c-be6e-43b8-8b1f-f5bd682ac1f8,NEW,[],BPNL00000003B0Q0,
urn:uuid:845d2e6d-3e11-43af-a803-c968e6e12a86,NEW,[],BPNL00000003B0Q0,
urn:uuid:c83dff0e-3c2c-49de-bc4e-ba444d27ae6e,NEW,[],BPNL00000003B0Q0,
urn:uuid:5879d57e-0550-4e64-926e-e08458d778b0,NEW,[],BPNL00000003B0Q0,
urn:uuid:6c6f382a-ea1f-476e-be6e-1c8c03ba9ebb,NEW,[],BPNL00000003B0Q0,
urn:uuid:59ab50f9-2b25-49ce-afbd-4901f81f778a,NEW,[],BPNL00000003B0Q0,
urn:uuid:6d557e8e-3a74-47d4-b940-1d7db0d0b14b,NEW,[],BPNL00000003B0Q0,
urn:uuid:a07355df-206e-4d07-8a56-199bffd288cd,NEW,[],BPNL00000003B0Q0,
urn:uuid:b1bfa4da-eebb-463b-bc43-16518b2e1d20,NEW,[],BPNL00000003B0Q0,
urn:uuid:b5d4d473-ddd4-47cb-8c51-6c9831eb56fd,NEW,[],BPNL00000003B0Q0,
urn:uuid:d8c01c28-6b10-4aad-926c-32b8b3ca1692,NEW,[],BPNL00000003B0Q0,
urn:uuid:327ccaa9-22a4-4460-a418-74c73ba24b6a,NEW,[],BPNL00000003B0Q0,
urn:uuid:7e116dd1-d167-44e8-a56d-003b51b3f512,NEW,[],BPNL00000003B0Q0,
urn:uuid:766dfbe9-d18e-4c9e-8713-14545b23e09a,NEW,[],BPNL00000003B0Q0,
urn:uuid:e072921d-5b6f-4800-a078-9e9f4523d5c7,NEW,[],BPNL00000003B0Q0,
urn:uuid:fd22c7f2-bbf4-47df-a40c-9cc3173a47a5,NEW,[],BPNL00000003B0Q0,
urn:uuid:7116fd77-8bc4-43b7-a8b7-76b24dbb9e46,NEW,[],BPNL00000003B0Q0,
urn:uuid:95bb9528-e14b-41b5-868a-dcad592ce7df,NEW,[],BPNL00000003B0Q0,
urn:uuid:286d61c7-94f5-413b-b773-de66e04a0409,NEW,[],BPNL00000003B0Q0,
urn:uuid:20daff66-f54d-41c3-b01a-b4deabb31869,NEW,[],BPNL00000003B0Q0,
urn:uuid:6c474241-c9e8-4e54-8258-a07569313903,NEW,[],BPNL00000003B0Q0,
urn:uuid:d60ebe94-8557-43fd-b08c-0c36ea203c5e,NEW,[],BPNL00000003B0Q0,
urn:uuid:5637cac8-c10a-4535-b0b8-60f97558cc35,NEW,[],BPNL00000003B0Q0,
urn:uuid:c5938bea-eec8-4e58-9631-31a2e39375e3,NEW,[],BPNL00000003B0Q0,
urn:uuid:0e1fed94-e2d9-4d8d-9b1d-1891bab512f9,NEW,[],BPNL00000003B0Q0,
urn:uuid:0a49a99e-a94c-4600-90d0-ac88f1a14d14,NEW,[],BPNL00000003B0Q0,
urn:uuid:0695f5ca-cdca-4f29-9834-1964b316c074,NEW,[],BPNL00000003B0Q0,
urn:uuid:a0790b24-e0d7-4494-a9e8-ce2e3f5f5f79,NEW,[],BPNL00000003B0Q0,
urn:uuid:e484d522-41d7-4cdf-be8b-d26a6499cd78,NEW,[],BPNL00000003B0Q0,
urn:uuid:56ec723b-49f3-4f9b-ae00-110c0a3bc7d2,NEW,[],BPNL00000003B0Q0,
urn:uuid:0c329c53-8ffb-4e86-8b9b-c7b41841ebf1,NEW,[],BPNL00000003B0Q0,
urn:uuid:e268831f-8c53-4580-8cae-30d6b219be8f,NEW,[],BPNL00000003B0Q0,
urn:uuid:1850d47d-0212-42ac-83c8-a6ae997b8830,NEW,[],BPNL00000003B0Q0,
urn:uuid:1f47145d-ba51-44b9-b313-26c97ac5fb16,NEW,[],BPNL00000003B0Q0,
urn:uuid:e71cb77f-27f1-42cf-8498-3206a862270b,NEW,[],BPNL00000003B0Q0,
urn:uuid:126060ca-9aa8-4180-b557-733cbd4898f2,NEW,[],BPNL00000003B0Q0,
urn:uuid:22919708-a459-496a-b101-41798cadf4bb,NEW,[],BPNL00000003B0Q0,
urn:uuid:baba2005-6200-4496-ad10-fee4be4ef3f9,NEW,[],BPNL00000003B0Q0,
urn:uuid:f57717c0-bc3a-43a4-9c27-e044224111cb,NEW,[],BPNL00000003B0Q0,
urn:uuid:5bfee52f-d2e1-4179-bfcf-a84ba9d4d35e,NEW,[],BPNL00000003B0Q0,
urn:uuid:340f8fd3-43a3-4670-895f-b03b743f3d80,NEW,[],BPNL00000003B0Q0,
urn:uuid:5a1e60de-c733-464b-9085-f4609c090e7f,NEW,[],BPNL00000003B0Q0,
urn:uuid:779829b0-eedb-468c-afb2-6ccbbfde86f5,NEW,[],BPNL00000003B0Q0,
urn:uuid:9dcf1ef7-29ca-4c8c-bb11-ff98101fe1ee,NEW,[],BPNL00000003B0Q0,
urn:uuid:64cd1588-4223-47ed-b47b-3d0d3966c56c,NEW,[],BPNL00000003B0Q0,
urn:uuid:1f569ff8-8bbb-441a-80c9-bdd604a3d96f,NEW,[],BPNL00000003B0Q0,
urn:uuid:9bfc09cd-f01a-41e0-8d98-48e321f8e665,NEW,[],BPNL00000003B0Q0,
urn:uuid:87b0abc5-9929-404d-b7a8-b0d7ce9f5bdf,NEW,[],BPNL00000003B0Q0,
urn:uuid:b0436690-3c54-4f93-89be-521d991aeab5,NEW,[],BPNL00000003B0Q0,
urn:uuid:1586e7c3-83f0-4816-8487-14542ce73a8e,NEW,[],BPNL00000003B0Q0,
urn:uuid:4cda07d4-56d4-430f-9f68-9d8c13a53939,NEW,[],BPNL00000003B0Q0,
urn:uuid:ce82e4d4-38ec-4055-ab9c-3725d34f1487,NEW,[],BPNL00000003B0Q0,
urn:uuid:8aa5f1b2-3854-4635-af1b-053f28a96664,NEW,[],BPNL00000003B0Q0,
urn:uuid:ecfd027e-eaf7-47b1-a81b-818d60e82c97,NEW,[],BPNL00000003B0Q0,
urn:uuid:96d4dc89-9be5-4dfe-8079-db25048477ac,NEW,[],BPNL00000003B0Q0,
urn:uuid:c2ba55a6-5b0f-42a9-83d0-3dc497a9665d,NEW,[],BPNL00000003B0Q0,
urn:uuid:e81287ae-c901-4594-88e0-3a6f6b4ae0ad,NEW,[],BPNL00000003B0Q0,
urn:uuid:bc6729c7-fe9e-434c-8cd8-2f4ffbd3b221,NEW,[],BPNL00000003B0Q0,
urn:uuid:6618c932-66bd-4bcf-a8a3-1b4e9a335e07,NEW,[],BPNL00000003B0Q0,
urn:uuid:066c3328-5ced-46de-9ac7-2d9cd1937ff3,NEW,[],BPNL00000003B0Q0,
urn:uuid:8f14a903-01c7-42a5-befd-39bb5f5fcf89,NEW,[],BPNL00000003B0Q0,
urn:uuid:d194d477-f241-43c9-bab8-a2087a213a3d,NEW,[],BPNL00000003B0Q0,
urn:uuid:5f2f44de-bc0b-4c4e-9d3a-45f0eeeb567f,NEW,[],BPNL00000003B0Q0,
urn:uuid:1a54f942-818b-4b52-9ce1-6c07bc01d8e4,NEW,[],BPNL00000003B0Q0,
urn:uuid:d290fd8b-cde4-42f4-8dca-71d39a3c822b,NEW,[],BPNL00000003B0Q0,
urn:uuid:ca4f643f-1c4f-42be-9b03-e915cbaeefad,NEW,[],BPNL00000003B0Q0,
urn:uuid:d1f4d6f7-1187-4219-a218-7e838a88abc6,NEW,[],BPNL00000003B0Q0,
urn:uuid:05bc4498-d202-4992-94d7-54d72bfcf738,NEW,[],BPNL00000003B0Q0,
urn:uuid:b5308f9f-2d4e-4235-888e-cc7008678917,NEW,[],BPNL00000003B0Q0,
urn:uuid:f3bb065c-aa2a-4bff-80ad-3bcb27455ffc,NEW,[],BPNL00000003B0Q0,
urn:uuid:ea3ad88c-5647-4c61-bbe7-9598b5ed59d7,NEW,[],BPNL00000003B0Q0,
urn:uuid:25683a85-5107-464e-b6e1-35335eee2bdc,NEW,[],BPNL00000003B0Q0,
urn:uuid:fb973fda-08de-42ac-9c11-9808aceb7980,NEW,[],BPNL00000003B0Q0,
urn:uuid:82bbccef-80b5-4859-9df2-720f6627fd4f,NEW,[],BPNL00000003B0Q0,
urn:uuid:f54901bc-1ecb-4d98-81c7-fda6b9576f31,NEW,[],BPNL00000003B0Q0,
urn:uuid:3d6041ff-10d0-4d17-b6e2-a9d39983438f,NEW,[],BPNL00000003B0Q0,
urn:uuid:a443f18a-d1d4-40fe-aef2-069345d28061,NEW,[],BPNL00000003B0Q0,
urn:uuid:6d836ee4-4945-406d-98cc-88c6be21bc86,NEW,[],BPNL00000003B0Q0,
urn:uuid:d358c1df-db7d-4ae2-a22b-53b61720940d,NEW,[],BPNL00000003B0Q0,
urn:uuid:16f84de4-c390-46bb-88a4-4532e0c0b3f5,NEW,[],BPNL00000003B0Q0,
urn:uuid:32110242-60f7-491c-8d12-1ab85982c793,NEW,[],BPNL00000003B0Q0,
urn:uuid:56921cbd-ecab-46c3-a8f2-5a48748a73da,NEW,[],BPNL00000003B0Q0,
urn:uuid:d2e0f5fa-d4d8-4f1a-ac04-ccad246e013e,NEW,[],BPNL00000003B0Q0,
urn:uuid:98dda7bf-4278-4486-8d57-5ada84a8000e,NEW,[],BPNL00000003B0Q0,
urn:uuid:da1e1f70-1216-4d6b-81c4-b4f45066a665,NEW,[],BPNL00000003B0Q0,
urn:uuid:1fa63ad8-c75d-4403-9bb5-d63398e0fd7c,NEW,[],BPNL00000003B0Q0,
urn:uuid:ae16498e-6201-454e-8c25-f093de193851,NEW,[],BPNL00000003B0Q0,
urn:uuid:0424cf5e-9722-4111-8930-45f17e204bdd,NEW,[],BPNL00000003B0Q0,
urn:uuid:b0eb6ff7-29c7-4969-93e2-64f5f75ead43,NEW,[],BPNL00000003B0Q0,
urn:uuid:9b7d785d-de03-4025-879b-aa12cf6b9503,NEW,[],BPNL00000003B0Q0,
urn:uuid:bdd89d14-c3d6-45b3-a906-e43ab57ce50e,NEW,[],BPNL00000003B0Q0,
urn:uuid:bcd89891-5741-41d7-9d2d-b5e24004d057,NEW,[],BPNL00000003B0Q0,
urn:uuid:cae3865c-b69a-40fa-a266-8941c09033c5,NEW,[],BPNL00000003B0Q0,
urn:uuid:67535ae0-6433-4b17-a06f-1444d7703d42,NEW,[],BPNL00000003B0Q0,
urn:uuid:f3198d53-8d80-4663-b511-1f568f03062e,NEW,[],BPNL00000003B0Q0,
urn:uuid:901c3061-2b80-4b1a-bf68-b5b2292c0a89,NEW,[],BPNL00000003B0Q0,
urn:uuid:f56b70c8-7701-478b-ab68-2e202dfdeb7e,NEW,[],BPNL00000003B0Q0,
urn:uuid:5629fcfa-ff20-4071-913d-0b04cc308ce9,NEW,[],BPNL00000003B0Q0,
urn:uuid:48fafee8-bd09-447a-8d7d-ac29ee0f1cf0,NEW,[],BPNL00000003B0Q0,
urn:uuid:94141f89-a479-4dbc-b4a8-ee44ad7fb53a,NEW,[],BPNL00000003B0Q0,
urn:uuid:46bbf4e9-952f-4773-b827-7dd730d45e4d,NEW,[],BPNL00000003B0Q0,
urn:uuid:12deb8a3-7368-4137-a451-e5f2d48d7ddd,NEW,[],BPNL00000003B0Q0,
urn:uuid:ae82fe85-071e-4331-b4b1-c16aadd9f276,NEW,[],BPNL00000003B0Q0,
urn:uuid:bda55164-4ad1-4d86-88e5-bc5e84af9981,NEW,[],BPNL00000003B0Q0,
urn:uuid:6e825ecc-711c-4618-a30d-6db715e99b9a,NEW,[],BPNL00000003B0Q0,
urn:uuid:2fabec70-ebfc-4d91-85be-0810a4a64817,NEW,[],BPNL00000003B0Q0,
urn:uuid:7363c199-6a6e-48b4-a50c-08a78a33cdd8,NEW,[],BPNL00000003B0Q0,
urn:uuid:950d5fa1-92ab-462a-a994-2143bc74979c,NEW,[],BPNL00000003B0Q0,
urn:uuid:769b090c-7068-40a8-9393-1639348d9cc3,NEW,[],BPNL00000003B0Q0,
urn:uuid:5367c183-1dcb-4798-b1c5-76a2675667cd,NEW,[],BPNL00000003B0Q0,
urn:uuid:9424f60c-83c5-4aa3-93a0-b4e165839e49,NEW,[],BPNL00000003B0Q0,
urn:uuid:e319c037-4508-4a5b-b7a8-15bb9f64a659,NEW,[],BPNL00000003B0Q0,
urn:uuid:9ac4e692-9603-419d-ae2b-c8ad97d10836,NEW,[],BPNL00000003B0Q0,
urn:uuid:40d36a2b-76c5-47e5-865d-2462d8ef0308,NEW,[],BPNL00000003B0Q0,
urn:uuid:08693a72-715d-48e0-993f-45da092b7b3f,NEW,[],BPNL00000003B0Q0,
urn:uuid:155d5b3d-d639-4119-946e-711a05bfe462,NEW,[],BPNL00000003B0Q0,
urn:uuid:39cf778a-fad8-4f12-8dde-4e57bc301f13,NEW,[],BPNL00000003B0Q0,
urn:uuid:9dcf2b8e-6b1d-4813-8c2e-d5078445ff70,NEW,[],BPNL00000003B0Q0,
urn:uuid:50987609-786f-472d-a9a8-367be0cbcd0b,NEW,[],BPNL00000003B0Q0,
urn:uuid:e50a04cc-c8ca-46d6-a07d-f4a2e8ebc994,NEW,[],BPNL00000003B0Q0,
urn:uuid:1888b942-6668-4aaf-82fe-851e6ab92ea3,NEW,[],BPNL00000003B0Q0,
urn:uuid:70629c42-ed3f-47b7-8fd6-2983e3d0de3e,NEW,[],BPNL00000003B0Q0,
urn:uuid:3a4d5d16-9d87-4298-9a2e-499169a841d2,NEW,[],BPNL00000003B0Q0,
urn:uuid:5ce8eef8-f691-4a28-be47-e7388f20dfb5,NEW,[],BPNL00000003B0Q0,
urn:uuid:fa7919e3-2265-4684-9a70-1852c3275a7f,NEW,[],BPNL00000003B0Q0,
urn:uuid:d4a4e5e1-8587-42c0-a218-37602152a99b,NEW,[],BPNL00000003B0Q0,
urn:uuid:b1893f5f-e4c3-421c-86a8-42f211841890,NEW,[],BPNL00000003B0Q0,
urn:uuid:0e9703c3-b767-475d-ba0d-7a9c49d970e0,NEW,[],BPNL00000003B0Q0,
urn:uuid:80488af7-385b-4d54-b4fd-ba4f4d399136,NEW,[],BPNL00000003B0Q0,
urn:uuid:344c689c-3d19-4693-ac39-072da38f3a77,NEW,[],BPNL00000003B0Q0,
urn:uuid:926457b6-a3f3-4c11-b631-a76be2949bc3,NEW,[],BPNL00000003B0Q0,
urn:uuid:2b8dec1c-fe73-4a75-a1b4-c6fd1f625394,NEW,[],BPNL00000003B0Q0,
urn:uuid:66615095-973e-49a5-a2f7-2aede0837564,NEW,[],BPNL00000003B0Q0,
urn:uuid:93210b51-9c47-43bc-9e10-b57ab9ea6948,NEW,[],BPNL00000003B0Q0,
urn:uuid:dc18a6c8-916b-45c4-b27d-78eb7d66311f,NEW,[],BPNL00000003B0Q0,
urn:uuid:37c2d2e3-d298-4724-98e0-758ec57a737e,NEW,[],BPNL00000003B0Q0,
urn:uuid:e67dfc74-4d5d-40e3-b118-940f7c2a05c0,NEW,[],BPNL00000003B0Q0,
urn:uuid:4ac69aba-b50d-4bf6-a3d4-ce06b4aecd4f,NEW,[],BPNL00000003B0Q0,
urn:uuid:cbcb6463-7cc1-46f0-83cc-f0e616f9e9b0,NEW,[],BPNL00000003B0Q0,
urn:uuid:fb0f2c27-9548-45d4-aa12-6623fd06bd0e,NEW,[],BPNL00000003B0Q0,
urn:uuid:606bbf2f-808b-4508-9006-e2aff7bd323a,NEW,[],BPNL00000003B0Q0,
urn:uuid:25527950-a910-4ad9-88d7-fa4ea86bfdb6,NEW,[],BPNL00000003B0Q0,
urn:uuid:35f7f40d-7059-42b8-bf91-dec10b7e1f1f,NEW,[],BPNL00000003B0Q0,
urn:uuid:11cb8c6f-6918-4a4e-b6cc-2f68a278c2a1,NEW,[],BPNL00000003B0Q0,
urn:uuid:c296c1ac-4832-40ba-9f1c-98cd87eb58f7,NEW,[],BPNL00000003B0Q0,
urn:uuid:2b5111ef-d8c4-4b6d-80b7-8770acbd98d9,NEW,[],BPNL00000003B0Q0,
urn:uuid:8bfa1a82-2cfa-47a5-b212-804750487f30,NEW,[],BPNL00000003B0Q0,
urn:uuid:4e611e2d-8337-4a74-b10e-38f75bb56b93,NEW,[],BPNL00000003B0Q0,
urn:uuid:6f342bd0-3640-4920-99fa-368b5b655b87,NEW,[],BPNL00000003B0Q0,
urn:uuid:7ed3b114-519b-432d-ab73-cf0ce53ac93e,NEW,[],BPNL00000003B0Q0,
urn:uuid:40be6d14-8d91-4069-b1a5-b8d60725568f,NEW,[],BPNL00000003B0Q0,
urn:uuid:6822bc2d-a4a8-4d9a-92d7-ef2e802ec586,NEW,[],BPNL00000003B0Q0,
urn:uuid:2ccf756e-bb3e-4bd4-8a86-6f4d5bf7ae57,NEW,[],BPNL00000003B0Q0,
urn:uuid:c9127c4b-5e98-4a63-8807-b06576c16ef4,NEW,[],BPNL00000003B0Q0,
urn:uuid:936d73a2-7370-4587-938e-61ee03e99580,NEW,[],BPNL00000003B0Q0,
urn:uuid:6857cdd5-7eb8-42aa-ba8d-cff23b117d2e,NEW,[],BPNL00000003B0Q0,
urn:uuid:52577b53-9afb-4044-91fa-6f9bd7330f0f,NEW,[],BPNL00000003B0Q0,
urn:uuid:b88a4936-51af-48e4-a48a-fef05b25fddf,NEW,[],BPNL00000003B0Q0,
urn:uuid:f340fc91-3acb-4f3c-a479-86f40fd4975b,NEW,[],BPNL00000003B0Q0,
urn:uuid:8470576b-a126-44af-b07b-87846d75dfd8,NEW,[],BPNL00000003B0Q0,
urn:uuid:2956454b-aa8e-453a-b62f-e1eb0d706028,NEW,[],BPNL00000003B0Q0,
urn:uuid:3c824093-7814-4d5c-b6c2-18358a42eb73,NEW,[],BPNL00000003B0Q0,
urn:uuid:415553b7-6e05-447d-a8f9-a745c31ebbfd,NEW,[],BPNL00000003B0Q0,
urn:uuid:2456a17d-68ff-4a0c-a2ba-09ba48db604f,NEW,[],BPNL00000003B0Q0,
urn:uuid:2c4afdb9-2a42-48af-8c93-c0fabbbd72f7,NEW,[],BPNL00000003B0Q0,
urn:uuid:03610554-ae2a-485a-8228-97a153bd7e2f,NEW,[],BPNL00000003B0Q0,
urn:uuid:a6f2bd38-630e-4edc-9623-cc4c6ca16a70,NEW,[],BPNL00000003B0Q0,
urn:uuid:9f50a707-acf5-4727-a8b6-ac2710b9f503,NEW,[],BPNL00000003B0Q0,
urn:uuid:c1b5ba5e-0cd4-47bc-b6d6-7b845491a70e,NEW,[],BPNL00000003B0Q0,
urn:uuid:31f9dd60-dffe-4e8b-ba8c-17ccb287c332,NEW,[],BPNL00000003B0Q0,
urn:uuid:cf958e1e-5979-4051-85d8-98c0106767e0,NEW,[],BPNL00000003B0Q0,
urn:uuid:546a70b3-61cf-47e2-ad4b-596a3503eff9,NEW,[],BPNL00000003B0Q0,
urn:uuid:f04fa136-8b1e-4175-b42a-5e339b99bc98,NEW,[],BPNL00000003B0Q0,
urn:uuid:4017d3c2-590c-4239-910b-0a86e9d24f7e,NEW,[],BPNL00000003B0Q0,
urn:uuid:ab53e484-30ec-49d9-9e13-1ed768780847,NEW,[],BPNL00000003B0Q0,
urn:uuid:d595da94-4b62-48f5-8b78-a497abafa99d,NEW,[],BPNL00000003B0Q0,
urn:uuid:2a7e6bec-517c-44bf-8234-c9d255248c87,NEW,[],BPNL00000003B0Q0,
urn:uuid:e8fc3590-05f6-4980-8411-2525c4417160,NEW,[],BPNL00000003B0Q0,
urn:uuid:99600317-7ee3-4a8d-a28c-76fdc605282a,NEW,[],BPNL00000003B0Q0,
urn:uuid:0c4a72d4-a04f-4adc-9ef6-e9c127660b2d,NEW,[],BPNL00000003B0Q0,
urn:uuid:68115e58-b5fc-42e4-baf9-34a7f21d3af9,NEW,[],BPNL00000003B0Q0,
urn:uuid:11af82c7-5e77-43f6-8afb-848d81cdeda6,NEW,[],BPNL00000003B0Q0,
urn:uuid:a70ef25d-7d9b-48fa-8643-819532addbc6,NEW,[],BPNL00000003B0Q0,
urn:uuid:70ec075c-5370-4ffa-9f46-a41ef22e57b3,NEW,[],BPNL00000003B0Q0,
urn:uuid:542460c9-01b8-4895-a7b5-51ff317c61b0,NEW,[],BPNL00000003B0Q0,
urn:uuid:7f21de64-251e-4a3c-a1e1-f704ebe7c97a,NEW,[],BPNL00000003B0Q0,
urn:uuid:91d97be2-02aa-4131-88b3-d8572dc6ff42,NEW,[],BPNL00000003B0Q0,
urn:uuid:2dee4ddb-928a-4135-8a57-d0ff10c47be7,NEW,[],BPNL00000003B0Q0,
urn:uuid:528b9df3-8c3b-47af-8574-102bfafab922,NEW,[],BPNL00000003B0Q0,
urn:uuid:b1cd6ccd-4b1a-4077-9ebe-6ae56c27a573,NEW,[],BPNL00000003B0Q0,
urn:uuid:8184c43d-ad2d-46c3-b50e-4a3202dc4a57,NEW,[],BPNL00000003B0Q0,
urn:uuid:19af1e2e-eac9-41f8-919f-b0966e9541b1,NEW,[],BPNL00000003B0Q0,
urn:uuid:32e9c161-dcd6-4956-8914-cd3c55c4f210,NEW,[],BPNL00000003B0Q0,
urn:uuid:1b44e176-6d2a-4804-bc4f-48f7f9d8a9c8,NEW,[],BPNL00000003B0Q0,
urn:uuid:317a08c7-0ffb-441c-b44d-06a2e83ef032,NEW,[],BPNL00000003B0Q0,
urn:uuid:cfe8ad6a-6061-4378-9167-78a5e89375f5,NEW,[],BPNL00000003B0Q0,
urn:uuid:22d57525-59a4-40fb-bd43-e3e1aca60b7b,NEW,[],BPNL00000003B0Q0,
urn:uuid:c1096f15-9917-4ee3-9810-9e2fe378d75c,NEW,[],BPNL00000003B0Q0,
urn:uuid:bd8ba5fb-de32-44da-8073-8cdfddbdedbd,NEW,[],BPNL00000003B0Q0,
urn:uuid:7b05563e-ede6-47e2-b761-5b28c8217b3b,NEW,[],BPNL00000003B0Q0,
urn:uuid:289996c6-73da-449c-8c9a-47bae2aeff87,NEW,[],BPNL00000003B0Q0,
urn:uuid:ae98b534-d586-46dc-a6e9-5af1199c7f3a,NEW,[],BPNL00000003B0Q0,
urn:uuid:8c2334b6-36a1-4b15-a6aa-5847a8052cd6,NEW,[],BPNL00000003B0Q0,
urn:uuid:c1b6585d-7e37-44f5-8826-42461400098b,NEW,[],BPNL00000003B0Q0,
urn:uuid:ea11a1e3-8ba0-407b-a417-c5a019d1bb0e,NEW,[],BPNL00000003B0Q0,
urn:uuid:d3208e56-0b39-4fe6-814c-4f8e33e10b02,NEW,[],BPNL00000003B0Q0,
urn:uuid:bc3d1d3c-f40a-4b0d-ab19-3cfce90c2b4d,NEW,[],BPNL00000003B0Q0,
urn:uuid:63b4896e-810f-483b-adc5-cf2dbe510d71,NEW,[],BPNL00000003B0Q0,
urn:uuid:8dccd759-42b5-4ca1-84ad-2f1d51a768bf,NEW,[],BPNL00000003B0Q0,
urn:uuid:c68ebaf3-722d-4117-bb0a-7c160bb4996e,NEW,[],BPNL00000003B0Q0,
urn:uuid:55b2de6e-871b-4838-ac7e-c57dd4a3121e,NEW,[],BPNL00000003B0Q0,
urn:uuid:6ff86230-a773-4c9c-b565-629aa6ced31f,NEW,[],BPNL00000003B0Q0,
urn:uuid:8a6aa879-0f0f-4fee-91cb-02daefa130a9,NEW,[],BPNL00000003B0Q0,
urn:uuid:c98795f7-ebb2-4cfd-9d65-2a4b00214394,NEW,[],BPNL00000003B0Q0,
urn:uuid:67536ba8-f0c6-4fee-bcca-322276f79752,NEW,[],BPNL00000003B0Q0,
urn:uuid:e1f5c541-f320-404d-ae39-eb66d28db0f7,NEW,[],BPNL00000003B0Q0,
urn:uuid:8f31490c-1421-473a-ac91-1d55b60772e0,NEW,[],BPNL00000003B0Q0,
urn:uuid:3aea01c4-c579-4207-8e70-8e79cb5a9cd2,NEW,[],BPNL00000003B0Q0,
urn:uuid:261fa3f7-9a2c-467b-9025-7f5ac8c8a61b,NEW,[],BPNL00000003B0Q0,
urn:uuid:af86f9bf-f3e1-418b-bc91-aad9fd045de4,NEW,[],BPNL00000003B0Q0,
urn:uuid:5a48de40-6c17-44bf-9b66-6cec72f6d4fb,NEW,[],BPNL00000003B0Q0,
urn:uuid:e1763c11-7d6a-4824-8b09-26219a875662,NEW,[],BPNL00000003B0Q0,
urn:uuid:e369ab43-46cb-4f66-80c9-29330efa7af2,NEW,[],BPNL00000003B0Q0,
urn:uuid:1d851b4c-ce95-460e-92bd-d4668fa8dee2,NEW,[],BPNL00000003B0Q0,
urn:uuid:868f628a-b783-47c5-b13d-c891ad732d39,NEW,[],BPNL00000003B0Q0,
urn:uuid:d9190955-3667-4433-9af3-8606082054bf,NEW,[],BPNL00000003B0Q0,
urn:uuid:07fc8a5f-aa12-4d84-a77d-6dc9669c5e8c,NEW,[],BPNL00000003B0Q0,
urn:uuid:ae5471aa-9ce3-47e7-a26a-fd0066a42dab,NEW,[],BPNL00000003B0Q0,
urn:uuid:7652d0b0-0eb1-4cd8-9029-19a22066e5a3,NEW,[],BPNL00000003B0Q0,
urn:uuid:82aeccb5-2644-4c63-8fda-1fccf2edfa32,NEW,[],BPNL00000003B0Q0,
urn:uuid:3e5f4ad1-bc94-4de4-881e-96fd1b2afb35,NEW,[],BPNL00000003B0Q0,
urn:uuid:86222eff-19c0-4c18-9866-199700c14088,NEW,[],BPNL00000003B0Q0,
urn:uuid:929d69a8-d5b5-4c57-9d25-7cd5a5cb4d0c,NEW,[],BPNL00000003B0Q0,
urn:uuid:7b9e35b9-14d8-42fc-8a16-349fc04bdbf4,NEW,[],BPNL00000003B0Q0,
urn:uuid:a9e1d119-3ecc-4e04-9be1-242b3bf0ec56,NEW,[],BPNL00000003B0Q0,
urn:uuid:5b3d555b-aa75-40fe-b351-97f344317ec5,NEW,[],BPNL00000003B0Q0,
urn:uuid:faa3d1f1-15c8-47dc-8811-4759a6865e9f,NEW,[],BPNL00000003B0Q0,
urn:uuid:981e0fc8-e1c5-43b7-af6c-74d23e99af0c,NEW,[],BPNL00000003B0Q0,
urn:uuid:42d4c40c-dc33-42af-ad6d-1114e2e1276e,NEW,[],BPNL00000003B0Q0,
urn:uuid:8af79fff-856b-4a3d-baa0-2a24cd40ece7,NEW,[],BPNL00000003B0Q0,
urn:uuid:452f3af8-082a-44fd-bff6-fae09cc17693,NEW,[],BPNL00000003B0Q0,
urn:uuid:a90fe086-41d1-4a6a-b3f4-026569425298,NEW,[],BPNL00000003B0Q0,
urn:uuid:660861db-24dd-485f-9dac-ac83e675fc45,NEW,[],BPNL00000003B0Q0,
urn:uuid:d1033924-79a9-4419-a6dd-16ac4682b582,NEW,[],BPNL00000003B0Q0,
urn:uuid:a98400f4-3878-4dfc-bc7d-4172d948a1bc,NEW,[],BPNL00000003B0Q0,
urn:uuid:0a890996-71af-4cdf-a714-72ec9a89b93e,NEW,[],BPNL00000003B0Q0,
urn:uuid:ecd19254-6f9b-4f14-9337-a475a8049de7,NEW,[],BPNL00000003B0Q0,
urn:uuid:2544a8a4-b9ff-4622-bd29-8594b5c45fb5,NEW,[],BPNL00000003B0Q0,
urn:uuid:e5a2eb26-8696-428a-b508-ed3b5b97b2bd,NEW,[],BPNL00000003B0Q0,
urn:uuid:637e5774-f1c7-4266-9f45-bb4cc209bc18,NEW,[],BPNL00000003B0Q0,
urn:uuid:0c8e2116-0513-4a01-a96a-cb242efddbae,NEW,[],BPNL00000003B0Q0,
urn:uuid:bfd9a6fd-e861-4945-a7ab-d968874343fe,NEW,[],BPNL00000003B0Q0,
urn:uuid:b9391520-c38b-4452-aa30-54e3e8e7b088,NEW,[],BPNL00000003B0Q0,
urn:uuid:5413abf6-1ba2-4322-bb59-0874a0fc1e2c,NEW,[],BPNL00000003B0Q0,
urn:uuid:fc5ad68e-1fad-492b-891d-783b438d8d15,NEW,[],BPNL00000003B0Q0,
urn:uuid:a80d6ce7-551f-4d95-8b3f-df2ac2699702,NEW,[],BPNL00000003B0Q0,
urn:uuid:19627307-f14d-496b-8d16-1a633e98dc9b,NEW,[],BPNL00000003B0Q0,
urn:uuid:237041e3-0f02-4823-ade6-c0a0fd178b0e,NEW,[],BPNL00000003B0Q0,
urn:uuid:4dfe71e3-dcc7-43a3-a79a-a82571542368,NEW,[],BPNL00000003B0Q0,
urn:uuid:cd601b0e-3954-4600-90ac-1c7d7bee278c,NEW,[],BPNL00000003B0Q0,
urn:uuid:289a60db-dd69-4dce-973a-8bd165361eaf,NEW,[],BPNL00000003B0Q0,
urn:uuid:4f7d9847-f21a-49ea-af8f-16b1a7fec33a,NEW,[],BPNL00000003B0Q0,
urn:uuid:628bbcac-998d-4b6f-b314-390237302cee,NEW,[],BPNL00000003B0Q0,
urn:uuid:2c143ec7-023d-4c73-92bb-7f234c397f52,NEW,[],BPNL00000003B0Q0,
urn:uuid:8efdaa3f-1553-4d6f-90b2-e3f75ba3baf1,NEW,[],BPNL00000003B0Q0,
urn:uuid:0812ea7e-bfda-42c3-89ad-76d69e99b042,NEW,[],BPNL00000003B0Q0,
urn:uuid:76aa5c4c-03d2-4a14-9ccb-f0f9779239a7,NEW,[],BPNL00000003B0Q0,
urn:uuid:cbfc0fa0-dcfe-4898-bafc-f6a6fc72d2f6,NEW,[],BPNL00000003B0Q0,
urn:uuid:262b9673-212f-4ae2-b553-6e2ebd6dfe51,NEW,[],BPNL00000003B0Q0,
urn:uuid:30de17cc-2e8d-4447-9e1d-2984b357362e,NEW,[],BPNL00000003B0Q0,
urn:uuid:5c363fef-c3ae-4fec-842a-675d953a30a2,NEW,[],BPNL00000003B0Q0,
urn:uuid:461b7b13-c763-4c8e-8898-f16248c7b09c,NEW,[],BPNL00000003B0Q0,
urn:uuid:34a5e08f-de7e-4ee8-9869-7217c74151d2,NEW,[],BPNL00000003B0Q0,
urn:uuid:f054dff6-50c0-46b0-af93-a3206eb38571,NEW,[],BPNL00000003B0Q0,
urn:uuid:992023c7-5641-4f3e-957f-f5441301d44c,NEW,[],BPNL00000003B0Q0,
urn:uuid:f60aaaab-2357-44df-8ab6-2cd6fbe9fc35,NEW,[],BPNL00000003B0Q0,
urn:uuid:0bbd39c5-b327-4386-80a4-c7231cb547b7,NEW,[],BPNL00000003B0Q0,
urn:uuid:0e493fae-1263-4757-9657-23779ff93909,NEW,[],BPNL00000003B0Q0,
urn:uuid:46051559-66dc-4cf7-94db-0c8f363ee8f4,NEW,[],BPNL00000003B0Q0,
urn:uuid:7edeaff8-aa3f-4cb5-9ae6-3a7e172c4eac,NEW,[],BPNL00000003B0Q0,
urn:uuid:06a771b1-cc7e-408a-9f61-732fb783cd7e,NEW,[],BPNL00000003B0Q0,
urn:uuid:c098f539-6cfb-4211-bd95-f32867d7ec45,NEW,[],BPNL00000003B0Q0,
urn:uuid:971243a0-4e04-43d8-8ca1-eeb1616987f4,NEW,[],BPNL00000003B0Q0,
urn:uuid:d7b0e2de-be10-4a69-a366-730fd2042aa5,NEW,[],BPNL00000003B0Q0,
urn:uuid:7eb72c24-4534-4514-8d69-c7f32abaf585,NEW,[],BPNL00000003B0Q0,
urn:uuid:3d0adc77-70e7-4904-b9e8-dcca0899ee3d,NEW,[],BPNL00000003B0Q0,
urn:uuid:b60a4af2-7e2a-458b-94c7-6eec899892f4,NEW,[],BPNL00000003B0Q0,
urn:uuid:dc745efd-2d24-4e8b-be19-a2ded0c8dc10,NEW,[],BPNL00000003B0Q0,
urn:uuid:98ccd6a7-b7ca-4c2b-a03d-7e53a262af19,NEW,[],BPNL00000003B0Q0,
urn:uuid:38ed4583-1191-4996-a2c5-4500240160d3,NEW,[],BPNL00000003B0Q0,
urn:uuid:00a8cf2b-345e-4d2c-8c9a-663ce7f7873a,NEW,[],BPNL00000003B0Q0,
urn:uuid:eab02973-c401-4149-a309-e9bf4aac27f3,NEW,[],BPNL00000003B0Q0,
urn:uuid:d01fdc94-a81f-4e5e-b67f-8d0599591c67,NEW,[],BPNL00000003B0Q0,
urn:uuid:21fcb244-ac26-4fad-adae-2de4cb5e2886,NEW,[],BPNL00000003B0Q0,
urn:uuid:10737e91-1073-4e02-8f23-98dc546dee57,NEW,[],BPNL00000003B0Q0,
urn:uuid:c76ea348-85cf-4593-a228-5b2cc0b27342,NEW,[],BPNL00000003B0Q0,
urn:uuid:9738e080-53bf-482f-bea3-05acacd3ce34,NEW,[],BPNL00000003B0Q0,
urn:uuid:d34e56e2-f244-4fca-8d9b-630bc3e3d2aa,NEW,[],BPNL00000003B0Q0,
urn:uuid:489c4622-a1be-4088-9b8a-ea46c901978f,NEW,[],BPNL00000003B0Q0,
urn:uuid:3bec70bf-4c3e-45a9-a279-3f8bc23520cd,NEW,[],BPNL00000003B0Q0,
urn:uuid:6563591a-2815-4276-a477-19498572cf83,NEW,[],BPNL00000003B0Q0,
urn:uuid:d0dc2950-e003-4317-a115-f025a9523393,NEW,[],BPNL00000003B0Q0,
urn:uuid:de590dc7-5481-4a13-b1d8-144caf0fbb8d,NEW,[],BPNL00000003B0Q0,
urn:uuid:4f3f2b24-7a60-4fe1-a941-bbd0941225b8,NEW,[],BPNL00000003B0Q0,
urn:uuid:1b8445ee-c451-4364-92af-e2ae81f061e2,NEW,[],BPNL00000003B0Q0,
urn:uuid:020e7303-b881-4292-8975-67e8464ee224,NEW,[],BPNL00000003B0Q0,
urn:uuid:defe4d21-e228-4875-982c-affe0e932ad0,NEW,[],BPNL00000003B0Q0,
urn:uuid:82dd98dc-5c3b-4172-a727-866f5e37ef2b,NEW,[],BPNL00000003B0Q0,
urn:uuid:f7cbd4ec-7ff6-4348-979a-25dfec4e908e,NEW,[],BPNL00000003B0Q0,
urn:uuid:7b8a88fb-be07-41e3-86cf-341c7e3a2f2b,NEW,[],BPNL00000003B0Q0,
urn:uuid:85ee1338-7ab7-4303-84df-258d7dc5d3fd,NEW,[],BPNL00000003B0Q0,
urn:uuid:9806702e-d01f-4ad9-b2ee-a4949260ab7e,NEW,[],BPNL00000003B0Q0,
urn:uuid:0a569596-528f-44d2-bdfa-969d4c344ef2,NEW,[],BPNL00000003B0Q0,
urn:uuid:d9d3cdbb-73ff-4787-a9b9-ba3f549544fa,NEW,[],BPNL00000003B0Q0,
urn:uuid:0437856c-4656-415d-9b0c-5b725419b21f,NEW,[],BPNL00000003B0Q0,
urn:uuid:355d360f-4563-46a3-b345-1189b977a6fe,NEW,[],BPNL00000003B0Q0,
urn:uuid:778555f0-87fe-42cb-8629-b1f4a8ca7db9,NEW,[],BPNL00000003B0Q0,
urn:uuid:453d2fb4-4487-4c86-bd1b-fc3ad19ad496,NEW,[],BPNL00000003B0Q0,
urn:uuid:20de58aa-8bc1-4daa-8e43-6aea87866616,NEW,[],BPNL00000003B0Q0,
urn:uuid:e8a4dbfc-06cb-4d52-92f4-68d5b36325ef,NEW,[],BPNL00000003B0Q0,
urn:uuid:63a95741-01e2-4e25-a4d1-97cfc456d2e5,NEW,[],BPNL00000003B0Q0,
urn:uuid:d77f962b-236d-4deb-8550-4e9ffb1da02a,NEW,[],BPNL00000003B0Q0,
urn:uuid:d8c7c5cb-fc5d-4f0f-993a-617234c9c622,NEW,[],BPNL00000003B0Q0,
urn:uuid:87b85b35-6643-4c24-b86e-4455bd5ae4cf,NEW,[],BPNL00000003B0Q0,
urn:uuid:6267d512-373f-4ecf-986c-431b4c3a0354,NEW,[],BPNL00000003B0Q0,
urn:uuid:5add7da5-560c-4d2a-bd34-6b1e4888dc0e,NEW,[],BPNL00000003B0Q0,
urn:uuid:bb0cbbf9-54b7-4556-bc72-470c0505de8d,NEW,[],BPNL00000003B0Q0,
urn:uuid:7ff8ed5a-a321-450c-8ead-14786a0b2154,NEW,[],BPNL00000003B0Q0,
urn:uuid:5570cfa1-4229-4d16-b689-212b6fe0fd43,NEW,[],BPNL00000003B0Q0,
urn:uuid:0e82fba9-08d3-41a8-a2ff-d67e6825b056,NEW,[],BPNL00000003B0Q0,
urn:uuid:d1a6f368-afb8-4d56-9ae5-5a64cdc6031e,NEW,[],BPNL00000003B0Q0,
urn:uuid:5bcf84a7-eaf9-4a3a-be9b-5856216ea314,NEW,[],BPNL00000003B0Q0,
urn:uuid:ff2e4729-1bd6-43fb-a819-7a3d675bc58a,NEW,[],BPNL00000003B0Q0,
urn:uuid:05a394dd-0f91-4fee-9529-3cce67b3ceef,NEW,[],BPNL00000003B0Q0,
urn:uuid:98f3b821-76c7-4910-85dc-a969f287cf99,NEW,[],BPNL00000003B0Q0,
urn:uuid:a0dfc18c-5fb5-46be-8549-1b2ccb52d9cb,NEW,[],BPNL00000003B0Q0,
urn:uuid:0cdb163c-ba30-4353-80c9-b95847021f1a,NEW,[],BPNL00000003B0Q0,
urn:uuid:1ffce252-52c8-41c9-ae5b-1531e627512a,NEW,[],BPNL00000003B0Q0,
urn:uuid:3ab2e606-8cd5-44ea-be7a-a8a12e5df761,NEW,[],BPNL00000003B0Q0,
urn:uuid:821c6824-a421-4c7b-a0f5-6eb829dd6e75,NEW,[],BPNL00000003B0Q0,
urn:uuid:322c516c-5137-4c5a-aa77-d352319a4a32,NEW,[],BPNL00000003B0Q0,
urn:uuid:3fbfbbcf-55b0-4be9-a049-1eaeddd2331c,NEW,[],BPNL00000003B0Q0,
urn:uuid:f18fb924-5579-45c9-8145-ae096b8d6ec3,NEW,[],BPNL00000003B0Q0,
urn:uuid:e9a7bf52-bec8-4f96-911a-35450a9450b5,NEW,[],BPNL00000003B0Q0,
urn:uuid:524ce64e-8060-4395-a1e0-71633ae2545b,NEW,[],BPNL00000003B0Q0,
urn:uuid:c8b26fde-c8b9-421d-adbb-5895b28d9847,NEW,[],BPNL00000003B0Q0,
urn:uuid:1cf92b8c-7375-4e70-939d-327060e613dc,NEW,[],BPNL00000003B0Q0,
urn:uuid:0f527b3a-3a9f-4a19-a3e5-064a62f93a5b,NEW,[],BPNL00000003B0Q0,
urn:uuid:a0cbfa1d-0c3b-4ba3-8096-57084c4ae2b4,NEW,[],BPNL00000003B0Q0,
urn:uuid:f633216e-0022-4d38-ae40-299dddb3f573,NEW,[],BPNL00000003B0Q0,
urn:uuid:0dce980f-86b6-4edd-981d-df3108c66217,NEW,[],BPNL00000003B0Q0,
urn:uuid:f47616dd-b0ce-4020-803c-20b1932fc88b,NEW,[],BPNL00000003B0Q0,
urn:uuid:e8753a03-b501-4dae-a4af-1fcaaa5f932a,NEW,[],BPNL00000003B0Q0,
urn:uuid:70c2aac1-690c-4510-9595-fa09b6a673d5,NEW,[],BPNL00000003B0Q0,
urn:uuid:ec230d0b-2a21-46d3-8ac7-8aa0e4eadcad,NEW,[],BPNL00000003B0Q0,
urn:uuid:0400665a-b3c7-431e-b3b3-b905809e23a6,NEW,[],BPNL00000003B0Q0,
urn:uuid:14c80265-8879-4a6d-a475-bace3974ed80,NEW,[],BPNL00000003B0Q0,
urn:uuid:e9d1cb67-7227-469a-b38b-bcabd599ca7c,NEW,[],BPNL00000003B0Q0,
urn:uuid:30b0ac91-9f39-4094-aaa6-a95dd1cbce5c,NEW,[],BPNL00000003B0Q0,
urn:uuid:c4d68d2c-141b-4ae0-84fe-6061365e4d88,NEW,[],BPNL00000003B0Q0,
urn:uuid:898cbca9-d8ee-4877-b257-485a40b91905,NEW,[],BPNL00000003B0Q0,
urn:uuid:54664287-ded3-48bf-aefa-bc9ae862e353,NEW,[],BPNL00000003B0Q0,
urn:uuid:7a81fc8e-976a-44a3-bd3c-72ed342587bf,NEW,[],BPNL00000003B0Q0,
urn:uuid:dc3cbc47-9919-4b3e-8b76-2930e88ff1e1,NEW,[],BPNL00000003B0Q0,
urn:uuid:7f643e98-acb6-490e-bc3f-ab04910c096c,NEW,[],BPNL00000003B0Q0,
urn:uuid:94256a6c-8cbe-4f14-9498-3d000ff95954,NEW,[],BPNL00000003B0Q0,
urn:uuid:27026b3e-e606-44f1-a1cd-d071bfa00b4c,NEW,[],BPNL00000003B0Q0,
urn:uuid:c9cbe13e-2c56-4699-bed8-3edb19045114,NEW,[],BPNL00000003B0Q0,
urn:uuid:7ff84adf-593c-4917-a2eb-26a25de6dfb3,NEW,[],BPNL00000003B0Q0,
urn:uuid:a65d69e2-0beb-46ed-a7cd-ae9389aac142,NEW,[],BPNL00000003B0Q0,
urn:uuid:0651d918-cb96-4b06-bd0a-90a6ef9cf6ad,NEW,[],BPNL00000003B0Q0,
urn:uuid:b7936455-87af-46df-b0db-dc2a99dafe0a,NEW,[],BPNL00000003B0Q0,
urn:uuid:9855138d-e3f1-48ee-986a-7678b0d06627,NEW,[],BPNL00000003B0Q0,
urn:uuid:67eb0ac5-f359-4742-a153-c5bac8973083,NEW,[],BPNL00000003B0Q0,
urn:uuid:12799b1d-4bc8-4d38-b23d-68faf2e56b18,NEW,[],BPNL00000003B0Q0,
urn:uuid:447f9ce4-615f-4f53-a76a-b7dc318cc320,NEW,[],BPNL00000003B0Q0,
urn:uuid:e83ea1b9-12bb-4fbe-8fb3-b51a9eb39f9f,NEW,[],BPNL00000003B0Q0,
urn:uuid:ca35e491-4661-414c-92a5-37904211792a,NEW,[],BPNL00000003B0Q0,
urn:uuid:c17bf089-c51c-49d5-9f7f-bc80aca636da,NEW,[],BPNL00000003B0Q0,
urn:uuid:0b3ef1ab-62c8-4a60-b34b-e9f28e80ddb7,NEW,[],BPNL00000003B0Q0,
urn:uuid:3032dcaa-fd04-47aa-937a-27f3e9ce12b9,NEW,[],BPNL00000003B0Q0,
urn:uuid:fd24e3e7-6be9-4a19-870f-969e0ab58752,NEW,[],BPNL00000003B0Q0,
urn:uuid:8cc80e31-b82c-4314-82e4-357b3f8a858c,NEW,[],BPNL00000003B0Q0,
urn:uuid:7dd945fd-95bc-4a83-823d-d522a0eb2891,NEW,[],BPNL00000003B0Q0,
urn:uuid:666fb46d-49df-47bd-b16e-29aca3fbfdbe,NEW,[],BPNL00000003B0Q0,
urn:uuid:b6371b35-425e-4250-b6c5-70367285a965,NEW,[],BPNL00000003B0Q0,
urn:uuid:6a15a546-5fdd-4e18-8488-9677666696af,NEW,[],BPNL00000003B0Q0,
urn:uuid:cd91f2d2-d80e-41ba-8600-8bede972ed9c,NEW,[],BPNL00000003B0Q0,
urn:uuid:7483e879-4412-41e1-a020-7d0a121fa263,NEW,[],BPNL00000003B0Q0,
urn:uuid:131cf49e-5049-4a18-a549-2406e84e1e59,NEW,[],BPNL00000003B0Q0,
urn:uuid:a3ca2ce6-8eab-4e92-a8cb-d2ed380dad79,NEW,[],BPNL00000003B0Q0,
urn:uuid:a1cfd35a-6464-4ea1-be1e-f4ef9f639a9c,NEW,[],BPNL00000003B0Q0,
urn:uuid:25a182be-46e1-47fd-81c1-6e0dac4d866a,NEW,[],BPNL00000003B0Q0,
urn:uuid:4cf72d32-1d6b-4d09-b1a3-fa7bbf04b961,NEW,[],BPNL00000003B0Q0,
urn:uuid:9df9f4da-6ab8-4dd8-a2b5-299d24e4b4f3,NEW,[],BPNL00000003B0Q0,
urn:uuid:240243d7-556a-4a11-8971-cd64ec5c31c8,NEW,[],BPNL00000003B0Q0,
urn:uuid:53bf2ad7-52da-4eab-94c4-bc12456504da,NEW,[],BPNL00000003B0Q0,
urn:uuid:0598c34c-b3ed-4cb4-9fd0-c0169e1eb2c3,NEW,[],BPNL00000003B0Q0,
urn:uuid:7a1f516d-4816-42ad-bcdb-85d35255414b,NEW,[],BPNL00000003B0Q0,
urn:uuid:d71a3c2a-aeab-42b9-b180-9c423d56e2f2,NEW,[],BPNL00000003B0Q0,
urn:uuid:382d2278-a4af-4b5c-91eb-e8aa6deea9c8,NEW,[],BPNL00000003B0Q0,
urn:uuid:3d08174d-f3eb-4a30-90b5-26d08be2b65b,NEW,[],BPNL00000003B0Q0,
urn:uuid:62ea9cba-5023-4ae0-8f4b-bb54dde0cfdd,NEW,[],BPNL00000003B0Q0,
urn:uuid:af7cd57b-721f-4df6-b0ed-a3c0310aab4b,NEW,[],BPNL00000003B0Q0,
urn:uuid:1363cb88-e6ae-4c3d-8a08-d05b982da230,NEW,[],BPNL00000003B0Q0,
urn:uuid:1ff1bc54-cc96-49f8-b23e-abf84683647a,NEW,[],BPNL00000003B0Q0,
urn:uuid:f7f3b6df-851d-4ee0-bc8b-07981b820aa7,NEW,[],BPNL00000003B0Q0,
urn:uuid:460f9565-e308-496c-aa89-408df77570d7,NEW,[],BPNL00000003B0Q0,
urn:uuid:0d969b33-8c61-4c36-9057-36d0b87e6f75,NEW,[],BPNL00000003B0Q0,
urn:uuid:3c48c110-6190-4a1b-a36c-5909ef0d20e2,NEW,[],BPNL00000003B0Q0,
urn:uuid:d776ad5c-5538-4569-8075-2afb2cd04a6a,NEW,[],BPNL00000003B0Q0,
urn:uuid:2e525244-f347-4c65-8d44-18644fe359fe,NEW,[],BPNL00000003B0Q0,
urn:uuid:e6f5b138-c3a0-4af5-9ce5-f6cb1de3eb00,NEW,[],BPNL00000003B0Q0,
urn:uuid:aca820ae-c362-4911-986c-5af681ad3a05,NEW,[],BPNL00000003B0Q0,
urn:uuid:41d4d28c-6642-45aa-bf68-cca3e3fc4487,NEW,[],BPNL00000003B0Q0,
urn:uuid:e566edbc-dbab-4983-acdc-081551b63935,NEW,[],BPNL00000003B0Q0,
urn:uuid:723f50f8-f1a7-4b5b-ae42-ecef1b990d31,NEW,[],BPNL00000003B0Q0,
urn:uuid:a0f89c6a-cb70-4f96-a5bf-4a8127f3d077,NEW,[],BPNL00000003B0Q0,
urn:uuid:40e7a586-0dbf-46db-a578-4515132fe351,NEW,[],BPNL00000003B0Q0,
urn:uuid:390db490-8cbc-4bac-97c6-5e0e7e585df5,NEW,[],BPNL00000003B0Q0,
urn:uuid:6c04ec08-f00d-4643-ac47-1c527a4cdbcf,NEW,[],BPNL00000003B0Q0,
urn:uuid:8464301c-a721-426b-908c-17c2213deccd,NEW,[],BPNL00000003B0Q0,
urn:uuid:5f33fb5d-9056-45af-9146-a47f03b3ce9e,NEW,[],BPNL00000003B0Q0,
urn:uuid:da04aed0-a150-4d7b-9e1a-adf5c5aa4be2,NEW,[],BPNL00000003B0Q0,
urn:uuid:bdca66d9-15a2-48f8-a8de-3587a3be3536,NEW,[],BPNL00000003B0Q0,
urn:uuid:2bf0dd41-d73d-408b-9bc4-d28b032d2ce9,NEW,[],BPNL00000003B0Q0,
urn:uuid:827c3d7f-da08-4ac9-be21-03b8a2306d12,NEW,[],BPNL00000003B0Q0,
urn:uuid:8341ab77-53a5-4130-a81b-468c1cc07ebe,NEW,[],BPNL00000003B0Q0,
urn:uuid:cf3dae18-6121-4295-bbf5-01103996433e,NEW,[],BPNL00000003B0Q0,
urn:uuid:87fa84d0-cad7-447a-9047-e354275d61bf,NEW,[],BPNL00000003B0Q0,
urn:uuid:c3d1ec93-565d-4436-9352-d9fcb5f276d2,NEW,[],BPNL00000003B0Q0,
urn:uuid:cbfb030e-b3d5-441f-b991-6e8f7a12ea02,NEW,[],BPNL00000003B0Q0,
urn:uuid:f7051e6f-8e2c-473e-9d0e-b5ad1ab4d0e9,NEW,[],BPNL00000003B0Q0,
urn:uuid:3feb6c47-b35c-4b20-9efc-8c65daca803e,NEW,[],BPNL00000003B0Q0,
urn:uuid:75adad02-e430-4b3c-93e7-3aaa7df7e642,NEW,[],BPNL00000003B0Q0,
urn:uuid:76ae2623-589f-40f9-8f83-3978ef42b05c,NEW,[],BPNL00000003B0Q0,
urn:uuid:79f92d4d-ba74-445a-8487-f5ca05f0bade,NEW,[],BPNL00000003B0Q0,
urn:uuid:246fd9cc-65f8-47e6-832d-66f629296ed3,NEW,[],BPNL00000003B0Q0,
urn:uuid:1f88d42b-74db-4605-9df5-377e941ba18e,NEW,[],BPNL00000003B0Q0,
urn:uuid:a5a37d29-c7f8-4a9d-8b31-55fd10c30fe3,NEW,[],BPNL00000003B0Q0,
urn:uuid:b3902711-6fd4-4b86-8e53-e002c3f823f8,NEW,[],BPNL00000003B0Q0,
urn:uuid:d3e4707c-0e81-4f85-8565-2b538edf4442,NEW,[],BPNL00000003B0Q0,
urn:uuid:5f2a5d84-434f-46df-928a-f5ad06ba1f4c,NEW,[],BPNL00000003B0Q0,
urn:uuid:67629702-d920-4fc9-b648-cb4a40313438,NEW,[],BPNL00000003B0Q0,
urn:uuid:81732a7d-5e26-4470-a3e0-924a7d939721,NEW,[],BPNL00000003B0Q0,
urn:uuid:ec3977e5-ad76-4674-a817-4798a022793c,NEW,[],BPNL00000003B0Q0,
urn:uuid:da3cc71b-67e5-4815-9880-0f526c92b5eb,NEW,[],BPNL00000003B0Q0,
urn:uuid:a2e80c0c-99ad-48ab-be5a-3f3f27cdb418,NEW,[],BPNL00000003B0Q0,
urn:uuid:41721204-7106-4bb8-bcde-67bc8936808a,NEW,[],BPNL00000003B0Q0,
urn:uuid:7efd5447-2bd9-41fb-93c8-0068672b9e5a,NEW,[],BPNL00000003B0Q0,
urn:uuid:7311c110-7c71-463d-85ec-205188715834,NEW,[],BPNL00000003B0Q0,
urn:uuid:b7f7acb4-2c51-427a-bb24-ca8d1b7a9bc5,NEW,[],BPNL00000003B0Q0,
urn:uuid:42908b5d-1eb9-4f3b-94f8-7028f3874f25,NEW,[],BPNL00000003B0Q0,
urn:uuid:912e4e59-9bdd-47d4-821c-01b47a963a33,NEW,[],BPNL00000003B0Q0,
urn:uuid:eb1593a6-fb20-4921-8c72-f6700b211aba,NEW,[],BPNL00000003B0Q0,
urn:uuid:558c55f7-a1d7-4564-9f09-ade2acba2c24,NEW,[],BPNL00000003B0Q0,
urn:uuid:711fce93-c455-4e38-9102-721516901496,NEW,[],BPNL00000003B0Q0,
urn:uuid:52f970f7-55c2-41d4-8b03-40baec0eb96c,NEW,[],BPNL00000003B0Q0,
urn:uuid:8ce80d24-cdb2-4c02-944f-fa71c4e87804,NEW,[],BPNL00000003B0Q0,
urn:uuid:489e38f0-4aba-4115-8e44-5cf11b8600f5,NEW,[],BPNL00000003B0Q0,
urn:uuid:af9fe705-1532-47c7-addc-176e2f91d10b,NEW,[],BPNL00000003B0Q0,
urn:uuid:ce3e1e38-bf73-4710-ab62-134142b07a42,NEW,[],BPNL00000003B0Q0,
urn:uuid:b55fe77f-ab37-447f-b619-7093cc6c8d0e,NEW,[],BPNL00000003B0Q0,
urn:uuid:bce9649e-2626-415f-ba17-67518e5889c1,NEW,[],BPNL00000003B0Q0,
urn:uuid:fdc1d077-90f7-41f7-99fb-b6248efb4bd4,NEW,[],BPNL00000003B0Q0,
urn:uuid:06686913-5943-49cf-8cf5-a7c5e51859a5,NEW,[],BPNL00000003B0Q0,
urn:uuid:59837636-f513-425d-8bb0-195f904686e8,NEW,[],BPNL00000003B0Q0,
urn:uuid:ea448cbe-3cd2-4c66-8203-19e1c59e1693,NEW,[],BPNL00000003B0Q0,
urn:uuid:2a2c5178-4d37-4dc3-ae4b-c1e527ffcf02,NEW,[],BPNL00000003B0Q0,
urn:uuid:1b6fe286-5a04-4f94-80ab-9d829d88f418,NEW,[],BPNL00000003B0Q0,
urn:uuid:8061b956-14d6-43c9-9a63-37d959be2a18,NEW,[],BPNL00000003B0Q0,
urn:uuid:752c00cc-1093-4190-90a7-5a37717168f8,NEW,[],BPNL00000003B0Q0,
urn:uuid:e29c742c-6d22-477c-bbf6-3abf5e769233,NEW,[],BPNL00000003B0Q0,
urn:uuid:3a3fdd50-32d1-40b5-be35-a4432e9b2637,NEW,[],BPNL00000003B0Q0,
urn:uuid:4198bca5-7890-487e-8401-5f4ca4b3be82,NEW,[],BPNL00000003B0Q0,
urn:uuid:5cf1c4d3-2684-4217-98e0-cf62e6fe9fd5,NEW,[],BPNL00000003B0Q0,
urn:uuid:94583de9-c731-4397-a67a-35ff1ac29108,NEW,[],BPNL00000003B0Q0,
urn:uuid:4154cc79-4037-4de3-9d6a-cb7702632daa,NEW,[],BPNL00000003B0Q0,
urn:uuid:e07057bd-e4cd-4069-ab34-46d1667b9c52,NEW,[],BPNL00000003B0Q0,
urn:uuid:daf0001e-47b3-4193-839d-476ca7db35c8,NEW,[],BPNL00000003B0Q0,
urn:uuid:f1c6db54-5322-4e0b-bfb8-c7fcfb05668e,NEW,[],BPNL00000003B0Q0,
urn:uuid:ccda88fe-e2fb-4739-9b10-73ac7986bda2,NEW,[],BPNL00000003B0Q0,
urn:uuid:146f7416-74ce-43b6-9a6a-37e1adaeb51c,NEW,[],BPNL00000003B0Q0,
urn:uuid:27b00b53-35cc-464d-bcf5-7831fe204d67,NEW,[],BPNL00000003B0Q0,
urn:uuid:58c3f7ab-19c7-4c04-ab42-ee7c49a0e1e3,NEW,[],BPNL00000003B0Q0,
urn:uuid:916febab-47cc-4547-a058-270b7851ddf7,NEW,[],BPNL00000003B0Q0,
urn:uuid:a8ab4dc8-a5ca-4d59-b48c-5d18925555b4,NEW,[],BPNL00000003B0Q0,
urn:uuid:9cc539ed-a2a2-47ef-81aa-764a0c624d66,NEW,[],BPNL00000003B0Q0,
urn:uuid:99c5294f-654f-438a-8f5b-1ad4f6b06a95,NEW,[],BPNL00000003B0Q0,
urn:uuid:bf78be57-175e-4f7e-bc79-164f9a2e0595,NEW,[],BPNL00000003B0Q0,
urn:uuid:68525770-3320-4ebe-8077-5731831953fe,NEW,[],BPNL00000003B0Q0,
urn:uuid:e3a970ad-3afd-457f-a1d7-9c6cb51343c6,NEW,[],BPNL00000003B0Q0,
urn:uuid:ece481a9-5dd3-40d1-845c-ddff6e4589ca,NEW,[],BPNL00000003B0Q0,
urn:uuid:c744beeb-0efd-4a40-914c-66174765ac15,NEW,[],BPNL00000003B0Q0,
urn:uuid:60e1339e-7b59-4c05-89f1-f4206a871568,NEW,[],BPNL00000003B0Q0,
urn:uuid:499726b1-866c-460f-9b82-8079e2b5f483,NEW,[],BPNL00000003B0Q0,
urn:uuid:5b91f65f-482d-4d8f-8e06-5847de19e8ac,NEW,[],BPNL00000003B0Q0,
urn:uuid:3a0cfc75-db43-4c40-be94-f7b68cf49c4e,NEW,[],BPNL00000003B0Q0,
urn:uuid:a77e1403-d45a-46cc-bdb8-7d62d2dec18a,NEW,[],BPNL00000003B0Q0,
urn:uuid:7b7f41f3-49a7-42d4-b990-ee36e0c67605,NEW,[],BPNL00000003B0Q0,
urn:uuid:785c7e0f-0ee4-4ca6-a33d-16a95cad85a6,NEW,[],BPNL00000003B0Q0,
urn:uuid:9f291d93-8f77-4395-9dbb-aeb8704c73ec,NEW,[],BPNL00000003B0Q0,
urn:uuid:a31588cb-2e15-48e3-b7a8-dab9021ef819,NEW,[],BPNL00000003B0Q0,
urn:uuid:738bf0d4-7858-4f81-a761-e4b82e9b7b4e,NEW,[],BPNL00000003B0Q0,
urn:uuid:6cf41cc4-7bf9-4d02-bc40-657dadb39500,NEW,[],BPNL00000003B0Q0,
urn:uuid:c039f24f-d564-4839-8a83-f3af585d5ca1,NEW,[],BPNL00000003B0Q0,
urn:uuid:bb074969-f881-4b9a-9d62-15f6490fc2a8,NEW,[],BPNL00000003B0Q0,
urn:uuid:8a707125-ef42-479e-9b20-31d0cb2b3bd2,NEW,[],BPNL00000003B0Q0,
urn:uuid:ed7c0862-f3eb-41a4-ad84-93a74c2ff7ca,NEW,[],BPNL00000003B0Q0,
urn:uuid:a1d33f77-390d-42ed-a632-a27738986d4b,NEW,[],BPNL00000003B0Q0,
urn:uuid:6b7cbea1-8c28-4160-9595-7a631ffedfb5,NEW,[],BPNL00000003B0Q0,
urn:uuid:bb838fe2-aa4d-4e4b-8bb5-af99b94df9ab,NEW,[],BPNL00000003B0Q0,
urn:uuid:a21d3122-7118-44bf-ae5c-91acfeaab022,NEW,[],BPNL00000003B0Q0,
urn:uuid:59504d90-9c8d-4803-95ea-71bc5417481e,NEW,[],BPNL00000003B0Q0,
urn:uuid:7530711c-7386-4f61-955d-c5ef529b1a6a,NEW,[],BPNL00000003B0Q0,
urn:uuid:9f482bcf-85eb-491d-a433-8ad585d76b78,NEW,[],BPNL00000003B0Q0,
urn:uuid:885f7508-1aa4-4aa6-915e-98d9404ea0af,NEW,[],BPNL00000003B0Q0,
urn:uuid:5c79686d-b451-4ccb-a665-7d4aa4b37b1e,NEW,[],BPNL00000003B0Q0,
urn:uuid:5b551698-9b69-4545-8b54-8f3d987415b7,NEW,[],BPNL00000003B0Q0,
urn:uuid:b5d45dfa-51a3-45cd-8757-e3a1e59739b5,NEW,[],BPNL00000003B0Q0,
urn:uuid:bfd29976-653c-418a-a009-a3d84af60090,NEW,[],BPNL00000003B0Q0,
urn:uuid:09323a24-f4ce-44d9-a6e0-e6297fb50ff9,NEW,[],BPNL00000003B0Q0,
urn:uuid:52f84337-05d8-4295-9f6b-5593abde1128,NEW,[],BPNL00000003B0Q0,
urn:uuid:1fec1028-9fa9-4b87-86b0-d9370b681177,NEW,[],BPNL00000003B0Q0,
urn:uuid:621b43f2-33aa-4e84-b99a-387c0976bead,NEW,[],BPNL00000003B0Q0,
urn:uuid:82445d83-8518-4d7e-964a-c79a2fe770d8,NEW,[],BPNL00000003B0Q0,
urn:uuid:b57bb86e-c543-4991-a2eb-658e5afb7b17,NEW,[],BPNL00000003B0Q0,
urn:uuid:95ca2a22-d0c9-4c5d-a50d-0ee6ff84b0f8,NEW,[],BPNL00000003B0Q0,
urn:uuid:3b9f845c-508c-4f3c-bd60-c3d18bfb76e2,NEW,[],BPNL00000003B0Q0,
urn:uuid:97e25b93-c806-49b9-a3d0-5c998e0ce791,NEW,[],BPNL00000003B0Q0,
urn:uuid:258d916c-09e7-4552-afe2-ba778c0e03c0,NEW,[],BPNL00000003B0Q0,
urn:uuid:e56a2f18-f597-4717-8cae-6242977dd66a,NEW,[],BPNL00000003B0Q0,
urn:uuid:6613108d-e070-40bf-b103-91dfdbdf5f5f,NEW,[],BPNL00000003B0Q0,
urn:uuid:aa06e9d7-4d5f-487f-aecf-1d1de3d334bf,NEW,[],BPNL00000003B0Q0,
urn:uuid:a0a50f58-bde5-4d28-8cf6-61cabe2568d9,NEW,[],BPNL00000003B0Q0,
urn:uuid:3f2ecfbf-03c9-4af4-b119-15e1397b0d44,NEW,[],BPNL00000003B0Q0,
urn:uuid:8e6e7cb6-ccc3-421a-a654-9bdea712ca3e,NEW,[],BPNL00000003B0Q0,
urn:uuid:33747224-fe2e-4718-89e9-4624c7cade84,NEW,[],BPNL00000003B0Q0,
urn:uuid:039b7c61-eb20-4d31-8e79-c2d0249e9548,NEW,[],BPNL00000003B0Q0,
urn:uuid:87a25d19-bac4-457f-b459-201fcf3bb00a,NEW,[],BPNL00000003B0Q0,
urn:uuid:903fe3aa-7a33-4897-81aa-dbaa0431e7f4,NEW,[],BPNL00000003B0Q0,
urn:uuid:f4c5e549-7e13-4b92-9bb3-bf4cc82f8a21,NEW,[],BPNL00000003B0Q0,
urn:uuid:e533fd77-ed63-40fe-bf14-6ca00c2b3848,NEW,[],BPNL00000003B0Q0,
urn:uuid:5b449c20-2b30-497a-9114-ddb0fc632c95,NEW,[],BPNL00000003B0Q0,
urn:uuid:225e5948-61ea-48d9-a772-c03cad957949,NEW,[],BPNL00000003B0Q0,
urn:uuid:1675e282-c88f-4fec-a697-a321e47804de,NEW,[],BPNL00000003B0Q0,
urn:uuid:ab08e2cd-18fc-4fa7-a504-3a8c6a6229cf,NEW,[],BPNL00000003B0Q0,
urn:uuid:c70f7d11-c4a4-43ad-9d9d-9094193ae0da,NEW,[],BPNL00000003B0Q0,
urn:uuid:5618f8c1-4f5c-4558-b0bc-6aaa3f833085,NEW,[],BPNL00000003B0Q0,
urn:uuid:3bf6ccad-a01c-4669-b983-9adef0d52821,NEW,[],BPNL00000003B0Q0,
urn:uuid:c3d0a0e8-22ae-40b3-9c76-107dd995e366,NEW,[],BPNL00000003B0Q0,
urn:uuid:718dba23-5ba2-4c80-871e-fcf869018440,NEW,[],BPNL00000003B0Q0,
urn:uuid:4b82ffcc-dff1-4bbe-81e2-7061dee0ac37,NEW,[],BPNL00000003B0Q0,
urn:uuid:89e8b3b6-5c1d-4af6-b347-43ddad9ad2d9,NEW,[],BPNL00000003B0Q0,
urn:uuid:f91896e3-02dc-4ee4-a57b-097dfd7edc7d,NEW,[],BPNL00000003B0Q0,
urn:uuid:c47c71d1-322c-40a3-9df0-aa876f9256e1,NEW,[],BPNL00000003B0Q0,
urn:uuid:0d567491-197b-45c3-b6aa-0dc56c0b5895,NEW,[],BPNL00000003B0Q0,
urn:uuid:42125f3a-b638-46b1-b9b8-b17260c29a64,NEW,[],BPNL00000003B0Q0,
urn:uuid:0bdf96f6-849a-4a27-a40d-66a45d534439,NEW,[],BPNL00000003B0Q0,
urn:uuid:d4abc041-0619-455c-9bdd-508631045dbf,NEW,[],BPNL00000003B0Q0,
urn:uuid:f65147d2-c48b-48db-9f34-e4a049a1f43e,NEW,[],BPNL00000003B0Q0,
urn:uuid:6a720c00-6409-47f5-9ac8-0926bbd5678d,NEW,[],BPNL00000003B0Q0,
urn:uuid:b3236fae-00c2-4236-9352-83878dbd87c3,NEW,[],BPNL00000003B0Q0,
urn:uuid:baa9151b-e81a-4108-94d9-cb6bb9d7b9fe,NEW,[],BPNL00000003B0Q0,
urn:uuid:3a73725f-cd31-45f3-9404-a05c5515a542,NEW,[],BPNL00000003B0Q0,
urn:uuid:38f59b98-fc87-4476-b187-c2ebc24ecdb2,NEW,[],BPNL00000003B0Q0,
urn:uuid:db2265c1-63f0-4798-b376-dc70463f1962,NEW,[],BPNL00000003B0Q0,
urn:uuid:a37e3f16-e012-4252-a2a9-d58ab7c88293,NEW,[],BPNL00000003B0Q0,
urn:uuid:0b035c75-66ba-48c8-8e69-e04f50737813,NEW,[],BPNL00000003B0Q0,
urn:uuid:41a45ae0-56e4-41dc-b64a-2bba2031d8a7,NEW,[],BPNL00000003B0Q0,
urn:uuid:605a49aa-33de-409c-9960-d74ea904e874,NEW,[],BPNL00000003B0Q0,
urn:uuid:46e2584a-4986-446a-89f8-969dabeaa1c4,NEW,[],BPNL00000003B0Q0,
urn:uuid:651b9b2a-08ea-4f4d-b054-08484cdadc21,NEW,[],BPNL00000003B0Q0,
urn:uuid:fc11cb08-f0d4-4967-bd37-6739c03d00d5,NEW,[],BPNL00000003B0Q0,
urn:uuid:42346846-5c43-406c-93b9-6a8e253e8145,NEW,[],BPNL00000003B0Q0,
urn:uuid:8883974d-374b-4d71-bd6b-e9f9768074de,NEW,[],BPNL00000003B0Q0,
urn:uuid:a3d21aca-c4a5-417d-9e4d-2b6e33de763f,NEW,[],BPNL00000003B0Q0,
urn:uuid:7e29c5f2-db49-42c1-8430-5db3364e4faf,NEW,[],BPNL00000003B0Q0,
urn:uuid:6b970bb4-60e2-4c3f-bfac-7d0a2e966d9a,NEW,[],BPNL00000003B0Q0,
urn:uuid:1ab4bc5f-977c-4fd7-82a9-fcf30c566bfe,NEW,[],BPNL00000003B0Q0,
urn:uuid:e7a58a9d-9ccb-4736-af55-9d97acbab7ce,NEW,[],BPNL00000003B0Q0,
urn:uuid:d6e553ef-2be6-48ec-89a4-2f1f62fb9043,NEW,[],BPNL00000003B0Q0,
urn:uuid:58adf006-a278-4edf-be85-8cab38880697,NEW,[],BPNL00000003B0Q0,
urn:uuid:88c55034-e83d-4c28-a9d8-c4c7b6d2f452,NEW,[],BPNL00000003B0Q0,
urn:uuid:5c9fdfd9-bebe-4af5-b4bb-9cf3b77ccfd2,NEW,[],BPNL00000003B0Q0,
urn:uuid:a109e731-1a40-4011-881c-395bdb2cedde,NEW,[],BPNL00000003B0Q0,
urn:uuid:67cae193-a060-4af4-9044-92752149dbac,NEW,[],BPNL00000003B0Q0,
urn:uuid:7f19b898-6fde-4af4-8ae6-3c928e6d6c38,NEW,[],BPNL00000003B0Q0,
urn:uuid:c9605c86-31bb-467d-8907-b512ae3e915e,NEW,[],BPNL00000003B0Q0,
urn:uuid:032d6abc-db67-44cb-866d-c5bd98a58cbc,NEW,[],BPNL00000003B0Q0,
urn:uuid:ce5010f5-698e-4ff6-9d49-db9d23793586,NEW,[],BPNL00000003B0Q0,
urn:uuid:a7940a57-f678-4a19-a0ff-09bb35e991e2,NEW,[],BPNL00000003B0Q0,
urn:uuid:7c44e12a-9578-4ee1-9ffe-60a906244e64,NEW,[],BPNL00000003B0Q0,
urn:uuid:72fa22e6-eee8-45eb-9e11-e78199e3a18b,NEW,[],BPNL00000003B0Q0,
urn:uuid:8712630a-668e-4b6f-8db1-7d977af04f04,NEW,[],BPNL00000003B0Q0,
urn:uuid:d485a70e-5611-4ff9-9c07-bdb8ff731b7f,NEW,[],BPNL00000003B0Q0,
urn:uuid:a863250e-83c9-4ad2-b874-b6dcae048d81,NEW,[],BPNL00000003B0Q0,
urn:uuid:0ff1bcc7-8317-4664-ae70-3747dda48a18,NEW,[],BPNL00000003B0Q0,
urn:uuid:3fa322c9-6c13-441f-9e6d-1883be468c1a,NEW,[],BPNL00000003B0Q0,
urn:uuid:e84bde6b-356e-43bd-bf04-549633563821,NEW,[],BPNL00000003B0Q0,
urn:uuid:452f54e4-0bfa-457e-b2dd-126d9a0c2e65,NEW,[],BPNL00000003B0Q0,
urn:uuid:07bf6317-63ad-4a72-9253-5381b555f05c,NEW,[],BPNL00000003B0Q0,
urn:uuid:d7f28c1f-b66e-4481-9ad9-4931d896b6ce,NEW,[],BPNL00000003B0Q0,
urn:uuid:61b11cbd-7275-4d3f-bd58-3d19eb993dbc,NEW,[],BPNL00000003B0Q0,
urn:uuid:313ba699-d5bd-4490-a600-01b63bed40a0,NEW,[],BPNL00000003B0Q0,
urn:uuid:f7465b1f-8f9b-41fa-afe6-cd30e93f8b54,NEW,[],BPNL00000003B0Q0,
urn:uuid:2bdb55cf-d90d-46e4-a087-29951ba6d686,NEW,[],BPNL00000003B0Q0,
urn:uuid:acaf6552-c1b3-4962-9e40-67c15ef5c3f6,NEW,[],BPNL00000003B0Q0,
urn:uuid:b1cd7f5f-8902-4300-afef-eff6459faac6,NEW,[],BPNL00000003B0Q0,
urn:uuid:656d930a-abaf-4495-a0ad-f0bd367af283,NEW,[],BPNL00000003B0Q0,
urn:uuid:56f2a4d8-ffea-4b00-93dd-449358180afe,NEW,[],BPNL00000003B0Q0,
urn:uuid:a7c71a0c-cfb4-486a-aa7b-c95fc077663d,NEW,[],BPNL00000003B0Q0,
urn:uuid:3af12f66-79b0-40b4-9c00-36dc8c365c7b,NEW,[],BPNL00000003B0Q0,
urn:uuid:0fc49642-aaa6-4f60-bc85-9cdf2b59fb9e,NEW,[],BPNL00000003B0Q0,
urn:uuid:70e72ea7-fe42-411e-9549-ee9fd4d9c061,NEW,[],BPNL00000003B0Q0,
urn:uuid:8deacc7d-2ff2-4f31-aa41-8e3ba736311c,NEW,[],BPNL00000003B0Q0,
urn:uuid:7d88a321-4971-402f-bb59-99709a8d8114,NEW,[],BPNL00000003B0Q0,
urn:uuid:a81b9c11-0b74-4cd6-be03-f5e89b3527ca,NEW,[],BPNL00000003B0Q0,
urn:uuid:305ebc76-11f4-4383-8dac-8047167d4def,NEW,[],BPNL00000003B0Q0,
urn:uuid:d4ed7c15-82cf-48ae-a02f-cdcfbfcb918d,NEW,[],BPNL00000003B0Q0,
urn:uuid:3ab2c7db-47ad-448e-a9e6-888d439b61d7,NEW,[],BPNL00000003B0Q0,
urn:uuid:fa9d10ea-0037-4d1b-815e-a87a64de25da,NEW,[],BPNL00000003B0Q0,
urn:uuid:25a842fd-f9a5-41d8-8101-5e31b7e078b8,NEW,[],BPNL00000003B0Q0,
urn:uuid:f83572ee-e3ec-4922-a160-9ef17ac4fe70,NEW,[],BPNL00000003B0Q0,
urn:uuid:365869f6-8a25-458a-a9b4-2895e8b83dcb,NEW,[],BPNL00000003B0Q0,
urn:uuid:714c8ac0-deda-4813-941d-d7c27b3667d3,NEW,[],BPNL00000003B0Q0,
urn:uuid:b5213aaa-b326-4b0d-94c2-86270b12c0be,NEW,[],BPNL00000003B0Q0,
urn:uuid:79dace9e-fc09-49ae-9c07-00c098052022,NEW,[],BPNL00000003B0Q0,
urn:uuid:ed6c2567-4c14-47d4-8500-b72f0a573043,NEW,[],BPNL00000003B0Q0,
urn:uuid:cf51c4f2-e03f-4707-8649-c704fb7e3c43,NEW,[],BPNL00000003B0Q0,
urn:uuid:d3edc19e-5398-47f7-a7c6-7e7c3fca30c3,NEW,[],BPNL00000003B0Q0,
urn:uuid:1989ae01-c309-4ff3-a554-4e4647b19a24,NEW,[],BPNL00000003B0Q0,
urn:uuid:59a59fd7-5c8b-4952-9ab3-fc1a68a689ee,NEW,[],BPNL00000003B0Q0,
urn:uuid:e2e991d6-1d9b-4162-9773-e038efcb1432,NEW,[],BPNL00000003B0Q0,
urn:uuid:b674082b-192a-4be7-81a7-3b42f9e235f7,NEW,[],BPNL00000003B0Q0,
urn:uuid:11b3677e-7370-4849-a48c-e2063e034972,NEW,[],BPNL00000003B0Q0,
urn:uuid:07493ff6-5743-4dd5-a612-f4c769844309,NEW,[],BPNL00000003B0Q0,
urn:uuid:77d2f2e5-825f-44e5-88ed-d891330cd85a,NEW,[],BPNL00000003B0Q0,
urn:uuid:d0d604dc-765b-4225-94da-d9d2bf2f22c0,NEW,[],BPNL00000003B0Q0,
urn:uuid:5a963241-705e-46ab-9491-b956b61c53db,NEW,[],BPNL00000003B0Q0,
urn:uuid:d2ba3e0c-c213-4aa5-9adf-6df161a9df51,NEW,[],BPNL00000003B0Q0,
urn:uuid:b233d406-c51c-4d3a-a703-d4e4ca209953,NEW,[],BPNL00000003B0Q0,
urn:uuid:f638643d-ce93-4cd9-ae3a-19b8a38a1a9a,NEW,[],BPNL00000003B0Q0,
urn:uuid:3d9ba3be-43d1-4ea2-94c8-a497e057fc2d,NEW,[],BPNL00000003B0Q0,
urn:uuid:9d2fb8f3-1c97-45cb-82e6-162790ba16e2,NEW,[],BPNL00000003B0Q0,
urn:uuid:dd8bc12c-b74d-4b3f-8ee5-91ccd19ea30d,NEW,[],BPNL00000003B0Q0,
urn:uuid:592d3438-15a8-4182-8c32-3036aa9c6dc4,NEW,[],BPNL00000003B0Q0,
urn:uuid:fcab15ad-54ee-434b-b83e-930757bcc351,NEW,[],BPNL00000003B0Q0,
urn:uuid:6ed7e615-355e-49d9-8079-eb803693a9a7,NEW,[],BPNL00000003B0Q0,
urn:uuid:1ada18c5-866d-470c-af56-a1ee42c8490e,NEW,[],BPNL00000003B0Q0,
urn:uuid:9287778d-90c0-431d-8458-476d28cbfc44,NEW,[],BPNL00000003B0Q0,
urn:uuid:73f77565-405e-4e0f-9dfb-7eb86836f845,NEW,[],BPNL00000003B0Q0,
urn:uuid:219611a3-b800-46e2-b0d8-dce9778084a8,NEW,[],BPNL00000003B0Q0,
urn:uuid:29cd280c-f698-4e9a-a25e-611a1b7b1c9b,NEW,[],BPNL00000003B0Q0,
urn:uuid:9f025074-8270-4e67-887a-c5d087416a07,NEW,[],BPNL00000003B0Q0,
urn:uuid:63ab05ab-55fa-41c3-b17a-20defef76343,NEW,[],BPNL00000003B0Q0,
urn:uuid:46e99136-eb5b-4b3e-a551-e6b1cc2d657d,NEW,[],BPNL00000003B0Q0,
urn:uuid:73dc66aa-9308-432a-9a70-ee8cc25c28f7,NEW,[],BPNL00000003B0Q0,
urn:uuid:c7337c13-ba0a-4321-b662-15dc6588dcce,NEW,[],BPNL00000003B0Q0,
urn:uuid:a84cea27-5761-4590-a9ad-6e35259dc2c6,NEW,[],BPNL00000003B0Q0,
urn:uuid:009a1fd6-b809-4c5c-9d20-17bc88937455,NEW,[],BPNL00000003B0Q0,
urn:uuid:dfa4fa54-39b3-4b30-8801-5c7c042a86ea,NEW,[],BPNL00000003B0Q0,
urn:uuid:659586a7-c3da-43ca-94d8-5509eb7db2f1,NEW,[],BPNL00000003B0Q0,
urn:uuid:d2de410f-016a-4230-bd40-fe154245e3d4,NEW,[],BPNL00000003B0Q0,
urn:uuid:94e3918a-ed7e-4244-9433-3f7b4771c875,NEW,[],BPNL00000003B0Q0,
urn:uuid:7ef0eea5-45a9-4dac-acd0-f1907523fc8f,NEW,[],BPNL00000003B0Q0,
urn:uuid:0e5063d9-51ff-435e-83ad-431f10b71d40,NEW,[],BPNL00000003B0Q0,
urn:uuid:a3afd4e3-5ee9-4376-97cd-30de42cfdfb9,NEW,[],BPNL00000003B0Q0,
urn:uuid:db253f11-1e67-4e4b-b76c-d83e7d1e87f8,NEW,[],BPNL00000003B0Q0,
urn:uuid:79b3164b-8961-4102-aec1-6839ca14ea2c,NEW,[],BPNL00000003B0Q0,
urn:uuid:0a5dfcc7-e6f0-4a25-a72c-8ae3de094327,NEW,[],BPNL00000003B0Q0,
urn:uuid:db199ec2-e306-4500-b20b-343c5f5c428e,NEW,[],BPNL00000003B0Q0,
urn:uuid:85fa656b-1654-46bb-b0a9-60eaa81822a1,NEW,[],BPNL00000003B0Q0,
urn:uuid:42c4d7bc-97dc-4d05-aa26-8a34e555fb9e,NEW,[],BPNL00000003B0Q0,
urn:uuid:1b48c547-2592-4727-89fb-624c1e910e09,NEW,[],BPNL00000003B0Q0,
urn:uuid:75593a4b-9342-406d-a580-571d533bf084,NEW,[],BPNL00000003B0Q0,
urn:uuid:e7a9fac8-3f1c-4118-84bb-a4c35ec82c05,NEW,[],BPNL00000003B0Q0,
urn:uuid:cbec4655-e276-4f38-949c-be0b4e37d84b,NEW,[],BPNL00000003B0Q0,
urn:uuid:14fda15c-79c7-4174-88e2-83e6d095dac3,NEW,[],BPNL00000003B0Q0,
urn:uuid:24a8830b-87b0-4084-89cf-aa6d7c2374c6,NEW,[],BPNL00000003B0Q0,
urn:uuid:79da73f7-9e88-4152-9c63-8e726cb9fc1e,NEW,[],BPNL00000003B0Q0,
urn:uuid:32c3a502-2320-45bb-844c-da75f27b89b1,NEW,[],BPNL00000003B0Q0,
urn:uuid:ec9727e1-a7a9-4ae3-9252-af5c94269149,NEW,[],BPNL00000003B0Q0,
urn:uuid:afeca96a-d3c6-4341-ab1c-698c7abe7fe7,NEW,[],BPNL00000003B0Q0,
urn:uuid:390783f3-442b-4e55-af37-075b564eaf46,NEW,[],BPNL00000003B0Q0,
urn:uuid:e817fc7b-fc76-4ccd-a7d8-32542368257e,NEW,[],BPNL00000003B0Q0,
urn:uuid:3ca4a706-38fa-4732-9563-97957d3d0d4b,NEW,[],BPNL00000003B0Q0,
urn:uuid:e339fcd0-7a02-40e2-8663-f8ce168f48a7,NEW,[],BPNL00000003B0Q0,
urn:uuid:99476e79-5c79-4243-a479-3af9d09d28f2,NEW,[],BPNL00000003B0Q0,
urn:uuid:ec2c3a91-294b-4023-91d4-8fbf7430f7dd,NEW,[],BPNL00000003B0Q0,
urn:uuid:e0159bf0-51d8-45b9-8ef1-b7bc0f3d18a3,NEW,[],BPNL00000003B0Q0,
urn:uuid:3db24900-6d3f-4e70-be4a-bf163d5b30cd,NEW,[],BPNL00000003B0Q0,
urn:uuid:9963a2ef-5eba-423c-8ad7-b04ca52efdbf,NEW,[],BPNL00000003B0Q0,
urn:uuid:b645f24f-4ca2-4534-98bf-6cfc6be329af,NEW,[],BPNL00000003B0Q0,
urn:uuid:6f97b1ad-1415-4e9b-83c2-bb14ff4215e2,NEW,[],BPNL00000003B0Q0,
urn:uuid:d6c50e1b-aef9-4109-ac10-7556b3b6b65a,NEW,[],BPNL00000003B0Q0,
urn:uuid:00c4f6a3-167e-41a8-9e16-8fa4b9ae31fd,NEW,[],BPNL00000003B0Q0,
urn:uuid:ccd034c2-7a4d-454b-83b1-9f85cc5168da,NEW,[],BPNL00000003B0Q0,
urn:uuid:57d2b953-31d9-40b3-9747-bd3533f20f00,NEW,[],BPNL00000003B0Q0,
urn:uuid:c8caddf7-67ff-4b56-9eaf-e226017ddf4f,NEW,[],BPNL00000003B0Q0,
urn:uuid:cf2ae3dd-d202-4663-abf8-1866cb925828,NEW,[],BPNL00000003B0Q0,
urn:uuid:7557a984-365e-44a6-b53c-e27a7a7b18cc,NEW,[],BPNL00000003B0Q0,
urn:uuid:fb32bc46-ea17-4886-bfc3-77d497b7a924,NEW,[],BPNL00000003B0Q0,
urn:uuid:346745a1-a53e-494b-80c3-ec18839af231,NEW,[],BPNL00000003B0Q0,
urn:uuid:cbefcf74-3f82-489e-94c6-234a7d000623,NEW,[],BPNL00000003B0Q0,
urn:uuid:4528eb5e-9c0f-43e1-a659-6983d3b540e3,NEW,[],BPNL00000003B0Q0,
urn:uuid:5710c3ad-9110-4a36-9d8f-2e36867b345a,NEW,[],BPNL00000003B0Q0,
urn:uuid:f0590eaa-e961-41a5-94a9-a147bf5ed813,NEW,[],BPNL00000003B0Q0,
urn:uuid:d2104ae3-e7d9-439b-ac56-0b97b8001f21,NEW,[],BPNL00000003B0Q0,
urn:uuid:1edc5c56-7801-4fdc-bb67-be533f3c29c1,NEW,[],BPNL00000003B0Q0,
urn:uuid:239a0858-81ad-44bc-ab27-14631878d64e,NEW,[],BPNL00000003B0Q0,
urn:uuid:18b2450e-ac11-4415-ad70-38b60f3e50c5,NEW,[],BPNL00000003B0Q0,
urn:uuid:831af640-f6e0-4836-b629-02f48a440893,NEW,[],BPNL00000003B0Q0,
urn:uuid:cd5e58cb-fb12-46fa-b444-5be64e71e340,NEW,[],BPNL00000003B0Q0,
urn:uuid:b86a57c5-a2c0-4628-a749-8caa24a78096,NEW,[],BPNL00000003B0Q0,
urn:uuid:79850aed-a4e9-40a8-83f2-09e45fde7287,NEW,[],BPNL00000003B0Q0,
urn:uuid:54099fa3-4aa9-4b20-bc94-e6b335294c4e,NEW,[],BPNL00000003B0Q0,
urn:uuid:0fd34329-009a-4394-9a64-7d206dc0044e,NEW,[],BPNL00000003B0Q0,
urn:uuid:d417d197-06e4-4ee0-ac44-f159cd2dfec1,NEW,[],BPNL00000003B0Q0,
urn:uuid:c5166fca-0c86-4af9-b72b-e818c40a2c92,NEW,[],BPNL00000003B0Q0,
urn:uuid:2c059b54-fbd2-4caf-9ba7-7247b8157497,NEW,[],BPNL00000003B0Q0,
urn:uuid:2ac3b8ca-d683-4512-befe-a1eb878e6779,NEW,[],BPNL00000003B0Q0,
urn:uuid:da4d083c-87aa-4131-a0eb-95383516a40e,NEW,[],BPNL00000003B0Q0,
urn:uuid:73c55ed1-7fb8-4c98-9aca-c4a8c6da09a4,NEW,[],BPNL00000003B0Q0,
urn:uuid:f9b856aa-5f5d-446f-89db-b26865939fca,NEW,[],BPNL00000003B0Q0,
urn:uuid:1e917594-5c39-43f6-9931-063c6af6303b,NEW,[],BPNL00000003B0Q0,
urn:uuid:2aa59ef4-249b-4f5f-b827-47f116c39db2,NEW,[],BPNL00000003B0Q0,
urn:uuid:2137e9d4-33f9-4536-a997-026f4ba1b841,NEW,[],BPNL00000003B0Q0,
urn:uuid:a5d78d69-a162-479d-bfce-891432a94fe0,NEW,[],BPNL00000003B0Q0,
urn:uuid:4dafc583-007c-45bc-8e01-d856bd1030af,NEW,[],BPNL00000003B0Q0,
urn:uuid:b292ce54-43ce-4c06-a7d1-06c10960577e,NEW,[],BPNL00000003B0Q0,
urn:uuid:9453386d-5222-4710-867e-6c7f833a5d56,NEW,[],BPNL00000003B0Q0,
urn:uuid:e6c50eed-b2c7-42cf-bd47-7fa91966e770,NEW,[],BPNL00000003B0Q0,
urn:uuid:d600d0d5-1e33-429d-9892-0b3f820918df,NEW,[],BPNL00000003B0Q0,
urn:uuid:fb63256e-beff-4bbb-8b90-384e5e222334,NEW,[],BPNL00000003B0Q0,
urn:uuid:47afe42d-837d-4f6a-9789-ddc37ad6e518,NEW,[],BPNL00000003B0Q0,
urn:uuid:76846ce5-4412-4a01-a321-eee7010bce3b,NEW,[],BPNL00000003B0Q0,
urn:uuid:2a29f13b-ef48-4b4c-859a-09d74297fcdf,NEW,[],BPNL00000003B0Q0,
urn:uuid:1071a699-90fa-4c93-949d-52bc93ec7ed9,NEW,[],BPNL00000003B0Q0,
urn:uuid:e45cd566-46b5-4176-9d1c-188f66896d6b,NEW,[],BPNL00000003B0Q0,
urn:uuid:ce9e29d7-4103-42c5-af5f-8905f6b6fc0e,NEW,[],BPNL00000003B0Q0,
urn:uuid:9dbcb1d5-7fc3-4fa2-b514-79868f1a066f,NEW,[],BPNL00000003B0Q0,
urn:uuid:11406406-7a06-4810-884c-4aa254ad88e2,NEW,[],BPNL00000003B0Q0,
urn:uuid:0b7ebacd-cb47-4c3c-9c01-2056db85dc48,NEW,[],BPNL00000003B0Q0,
urn:uuid:756f8bdc-78f9-4c74-8d99-8aa0b673c54e,NEW,[],BPNL00000003B0Q0,
urn:uuid:ae7f6cab-7578-4385-9761-aae8bae91f33,NEW,[],BPNL00000003B0Q0,
urn:uuid:2832c185-d0ff-421b-bac0-b37a57923844,NEW,[],BPNL00000003B0Q0,
urn:uuid:48f98858-debd-418b-97b9-f6d20be71cf4,NEW,[],BPNL00000003B0Q0,
urn:uuid:22551275-119f-4d83-b98d-5d70561b96ea,NEW,[],BPNL00000003B0Q0,
urn:uuid:f31b9f5e-e037-4071-b7af-e1d5e027fce8,NEW,[],BPNL00000003B0Q0,
urn:uuid:291a70d2-86f3-4fb7-849e-9ed4285f64cd,NEW,[],BPNL00000003B0Q0,
urn:uuid:d634e9b3-f75d-43f0-b7ac-b1b9d33d790b,NEW,[],BPNL00000003B0Q0,
urn:uuid:16f1b8a7-b90a-452b-a21a-0446f9584c8c,NEW,[],BPNL00000003B0Q0,
urn:uuid:9f1c13ee-79ee-4fe7-9d26-a522e51be3f0,NEW,[],BPNL00000003B0Q0,
urn:uuid:12aa85e5-d83b-4019-b349-b3a6bb154360,NEW,[],BPNL00000003B0Q0,
urn:uuid:831108fe-5a11-46c3-a586-8f30ce1e6ad0,NEW,[],BPNL00000003B0Q0,
urn:uuid:5a92231f-bd88-4d14-bb53-2892e586b35b,NEW,[],BPNL00000003B0Q0,
urn:uuid:0de05824-1549-4cd9-b08f-984553ffe110,NEW,[],BPNL00000003B0Q0,
urn:uuid:b83005b1-b7dc-4a9c-8ea1-6ae3583aec62,NEW,[],BPNL00000003B0Q0,
urn:uuid:4bf73bff-8d07-4a7c-a1aa-8e8d887e6859,NEW,[],BPNL00000003B0Q0,
